City_ID,City,Country,Date,Lat,Lng,Max Temp,Humidity,Cloudiness,Wind Speed
0,Rikitea,PF,2021-04-21 07:22:53,-23.1203,-134.9692,76.57,76,22,4.94
1,Atuona,PF,2021-04-21 07:24:48,-9.8,-139.0333,80.71,75,47,21.99
2,Pevek,RU,2021-04-21 07:24:48,69.7008,170.3133,29.66,71,0,19.26
3,Lorengau,PG,2021-04-21 07:24:49,-2.0226,147.2712,83.05,80,100,10.45
4,Tongling,CN,2021-04-21 07:24:49,30.95,117.7833,72.36,63,100,3.94
5,Nioro,GM,2021-04-21 07:24:50,13.35,-15.75,73.45,43,67,6.31
6,Khatanga,RU,2021-04-21 07:24:50,71.9667,102.5,12.06,84,100,8.03
7,Jamestown,US,2021-04-21 07:24:50,42.097,-79.2353,33.01,93,90,8.05
8,Albany,US,2021-04-21 07:24:51,42.6001,-73.9662,42.01,74,100,3.31
9,San Cristobal,VE,2021-04-21 07:24:51,7.7669,-72.225,67.26,72,100,1.54
10,Muros,ES,2021-04-21 07:24:52,42.7762,-9.0603,48.99,96,100,4.72
11,Punta Arenas,CL,2021-04-21 07:24:27,-53.15,-70.9167,33.8,80,40,6.91
12,Ambulu,ID,2021-04-21 07:24:52,-8.345,113.6058,85.12,62,50,9.31
13,Esperance,AU,2021-04-21 07:24:53,-33.8667,121.9,68.0,52,0,12.66
14,Ostrovnoy,RU,2021-04-21 07:24:53,68.0531,39.5131,37.96,81,4,16.33
15,Bredasdorp,ZA,2021-04-21 07:24:54,-34.5322,20.0403,59.0,94,100,1.14
16,San Patricio,US,2021-04-21 07:24:54,28.017,-97.5169,66.2,59,75,9.22
17,Kaeo,NZ,2021-04-21 07:24:55,-35.1,173.7833,63.0,87,18,3.0
18,East London,ZA,2021-04-21 07:22:03,-33.0153,27.9116,66.2,77,0,3.44
19,Bluff,NZ,2021-04-21 07:24:55,-46.6,168.3333,48.0,95,100,4.0
20,Hofn,IS,2021-04-21 07:24:56,64.2539,-15.2082,39.18,49,100,3.62
21,Komsomolskiy,UZ,2021-04-21 07:24:56,40.4272,71.7189,64.4,42,75,16.11
22,Ushuaia,AR,2021-04-21 07:21:27,-54.8,-68.3,44.6,57,20,3.44
23,Obo,CF,2021-04-21 07:24:57,5.3998,26.4869,72.86,84,97,8.01
24,Mar Del Plata,AR,2021-04-21 07:24:57,-38.0023,-57.5575,66.99,88,40,5.75
25,Sao Paulo De Olivenca,BR,2021-04-21 07:24:57,-3.3783,-68.8725,69.82,99,75,1.23
26,The Valley,AI,2021-04-21 07:24:58,18.217,-63.0578,78.8,73,40,9.22
27,Oxilithos,GR,2021-04-21 07:24:58,38.5833,24.1167,61.0,77,20,10.36
28,Voh,NC,2021-04-21 07:24:59,-20.9667,164.7,74.91,88,94,4.65
29,San Julian,MX,2021-04-21 07:24:59,21.0167,-102.1667,59.18,22,0,6.96
30,Half Moon Bay,US,2021-04-21 07:24:59,37.4636,-122.4286,51.01,87,90,3.44
31,Tuatapere,NZ,2021-04-21 07:25:00,-46.1333,167.6833,48.0,95,100,4.0
32,Cherskiy,RU,2021-04-21 07:25:00,68.75,161.3,36.5,75,97,23.2
33,Cape Town,ZA,2021-04-21 07:25:01,-33.9258,18.4232,68.0,88,0,2.3
34,Touros,BR,2021-04-21 07:25:01,-5.1989,-35.4608,75.2,94,0,2.3
35,Pasighat,IN,2021-04-21 07:25:02,28.0667,95.3333,90.27,29,5,4.76
36,Port Alfred,ZA,2021-04-21 07:23:41,-33.5906,26.891,70.84,69,84,10.89
37,Qaanaaq,GL,2021-04-21 07:25:02,77.484,-69.3632,0.86,75,100,10.31
38,Guarapari,BR,2021-04-21 07:24:11,-20.6667,-40.4975,75.0,94,0,4.61
39,Bhimunipatnam,IN,2021-04-21 07:25:03,17.8833,83.4333,93.2,59,40,11.5
40,Butaritari,KI,2021-04-21 07:25:03,3.0707,172.7902,82.69,77,100,18.99
41,Goderich,CA,2021-04-21 07:25:04,43.7501,-81.7165,32.0,64,100,12.66
42,Tuktoyaktuk,CA,2021-04-21 07:25:04,69.4541,-133.0374,12.34,89,100,21.09
43,Port Hardy,CA,2021-04-21 07:25:04,50.6996,-127.4199,48.2,87,40,3.44
44,Vaini,TO,2021-04-21 07:25:05,-21.2,-175.2,75.2,94,20,3.44
45,Pisco,PE,2021-04-21 07:25:05,-13.7,-76.2167,66.2,82,4,9.22
46,Kuruman,ZA,2021-04-21 07:25:06,-27.4524,23.4325,62.01,59,0,9.13
47,Hobart,AU,2021-04-21 07:20:20,-42.8794,147.3294,55.4,44,40,13.8
48,Ketchikan,US,2021-04-21 07:25:06,55.3422,-131.6461,50.0,71,1,10.36
49,Matamoros,MX,2021-04-21 07:25:07,25.5333,-103.25,66.0,31,6,11.81
50,Airai,TL,2021-04-21 07:25:07,-8.9266,125.4092,66.87,81,100,1.99
51,Hermanus,ZA,2021-04-21 07:20:46,-34.4187,19.2345,64.0,86,73,5.01
52,Saint-Philippe,RE,2021-04-21 07:25:08,-21.3585,55.7679,80.6,78,75,13.8
53,Whitehorse,CA,2021-04-21 07:22:45,60.7161,-135.0538,35.6,87,90,17.27
54,Thompson,CA,2021-04-21 07:25:08,55.7435,-97.8558,24.8,93,1,2.3
55,Poso,ID,2021-04-21 07:25:08,-1.3959,120.7524,86.16,66,11,5.77
56,Mora,CM,2021-04-21 07:25:09,11.0461,14.1401,87.8,45,0,3.15
57,Hithadhoo,MV,2021-04-21 07:21:14,-0.6,73.0833,82.81,63,8,4.12
58,Mataura,NZ,2021-04-21 07:25:09,-46.1927,168.8643,48.0,95,100,4.0
59,Yumen,CN,2021-04-21 07:25:10,40.2833,97.2,74.34,7,100,4.07
60,Sable-Sur-Sarthe,FR,2021-04-21 07:25:10,47.8376,-0.3329,51.01,81,0,6.91
61,Yellowknife,CA,2021-04-21 07:25:11,62.456,-114.3525,33.8,69,1,5.75
62,Itzehoe,DE,2021-04-21 07:25:11,53.921,9.5153,48.99,87,100,10.04
63,Narsaq,GL,2021-04-21 07:25:11,60.9167,-46.05,46.4,31,75,23.02
64,Abeche,TD,2021-04-21 07:25:12,13.8292,20.8324,93.72,6,7,16.75
65,New Norfolk,AU,2021-04-21 07:25:12,-42.7826,147.0587,54.0,63,88,3.0
66,Avarua,CK,2021-04-21 07:25:13,-21.2078,-159.775,75.2,83,75,8.05
67,Barrow,US,2021-04-21 07:25:13,71.2906,-156.7887,14.0,85,75,6.91
68,Talnakh,RU,2021-04-21 07:25:14,69.4865,88.3972,10.87,80,100,3.27
69,Saskylakh,RU,2021-04-21 07:25:14,71.9167,114.0833,10.04,83,94,4.92
70,Carnarvon,AU,2021-04-21 07:25:15,-24.8667,113.6333,82.4,54,100,13.8
71,Bethel,US,2021-04-21 07:25:15,41.3712,-73.414,46.99,76,1,3.44
72,Kidal,ML,2021-04-21 07:25:15,18.4411,1.4078,82.6,6,0,14.07
73,Ostersund,SE,2021-04-21 07:25:16,63.1792,14.6357,35.01,100,90,12.66
74,Raga,SS,2021-04-21 07:25:16,8.4596,25.678,86.09,44,100,8.01
75,Arraial Do Cabo,BR,2021-04-21 07:25:17,-22.9661,-42.0278,72.93,81,82,26.02
76,Malakal,SS,2021-04-21 07:25:17,9.5334,31.6605,93.88,34,54,10.13
77,Busselton,AU,2021-04-21 07:25:17,-33.65,115.3333,69.01,80,0,5.01
78,Ngunguru,NZ,2021-04-21 07:25:18,-35.6167,174.5,63.0,87,4,3.0
79,Tiksi,RU,2021-04-21 07:25:18,71.6872,128.8694,17.98,93,100,12.06
80,Omboue,GA,2021-04-21 07:25:18,-1.5746,9.2618,79.7,85,100,5.3
81,Alofi,NU,2021-04-21 07:25:19,-19.0595,-169.9187,77.0,100,55,2.3
82,Moerai,PF,2021-04-21 07:23:09,-22.4333,-151.3333,76.8,74,57,24.43
83,Chuy,UY,2021-04-21 07:25:20,-33.6971,-53.4616,66.52,72,0,11.86
84,Provideniya,RU,2021-04-21 07:25:20,64.3833,-173.3,32.0,59,0,6.71
85,Sterling,US,2021-04-21 07:25:20,39.0062,-77.4286,60.01,55,1,8.05
86,San Alberto,CO,2021-04-21 07:25:21,7.7611,-73.3922,74.25,79,97,4.14
87,Vanimo,PG,2021-04-21 07:25:21,-2.6741,141.3028,82.8,73,100,6.08
88,Palana,RU,2021-04-21 07:25:22,59.1167,159.9667,31.12,91,100,5.91
89,Mayo,US,2021-04-21 07:25:22,38.8876,-76.5119,60.01,72,40,8.05
90,Waterloo,CA,2021-04-21 07:21:28,43.4668,-80.5164,30.2,69,90,8.05
91,Labuhan,ID,2021-04-21 07:25:23,-6.8844,112.2051,87.15,54,10,3.53
92,Lata,PT,2021-04-21 07:25:23,40.1629,-8.3327,55.99,92,100,1.7
93,Cotonou,BJ,2021-04-21 07:25:24,6.3654,2.4183,84.2,84,40,9.22
94,Gravdal,NO,2021-04-21 07:25:24,68.1214,13.5031,35.6,75,75,24.16
95,Horqueta,PY,2021-04-21 07:25:24,-23.3428,-57.0597,67.89,59,0,5.79
96,Moose Factory,CA,2021-04-21 07:25:25,51.2585,-80.6094,15.8,73,90,6.91
97,Port Elizabeth,ZA,2021-04-21 07:25:25,-33.918,25.5701,64.4,88,100,4.61
98,Bintulu,MY,2021-04-21 07:25:26,3.1667,113.0333,93.2,46,20,8.05
99,Puerto Escondido,MX,2021-04-21 07:25:26,15.85,-97.0667,78.57,64,100,4.81
100,Nyurba,RU,2021-04-21 07:25:27,63.2842,118.3319,25.54,66,100,6.33
101,Khandyga,RU,2021-04-21 07:25:27,62.6667,135.6,27.82,69,100,3.87
102,Kaitangata,NZ,2021-04-21 07:25:27,-46.2817,169.8464,50.79,94,100,7.54
103,Puerto Ayora,EC,2021-04-21 07:25:28,-0.7393,-90.3518,75.0,98,96,1.01
104,Kapit,MY,2021-04-21 07:25:28,2.0167,112.9333,94.96,40,38,3.47
105,Iqaluit,CA,2021-04-21 07:25:28,63.7506,-68.5145,23.0,86,90,28.77
106,Lagoa,PT,2021-04-21 07:25:29,39.05,-27.9833,61.07,91,100,15.39
107,Guerrero Negro,MX,2021-04-21 07:25:29,27.9769,-114.0611,58.14,84,0,11.7
108,Ilulissat,GL,2021-04-21 07:25:30,69.2167,-51.1,12.2,52,11,6.82
109,Mahebourg,MU,2021-04-21 07:25:30,-20.4081,57.7,82.4,74,75,11.5
110,Inawashiro,JP,2021-04-21 07:25:31,37.5667,140.1167,62.6,20,0,14.97
111,Ginda,IN,2021-04-21 07:25:31,30.6945,78.4932,68.49,32,100,5.17
112,Katsuura,JP,2021-04-21 07:25:32,35.1333,140.3,75.0,35,20,14.97
113,Saint-Pierre,RE,2021-04-21 07:25:32,-21.3393,55.4781,80.6,78,75,13.8
114,Garowe,SO,2021-04-21 07:25:32,8.4054,48.4845,85.1,51,77,8.57
115,Sistranda,NO,2021-04-21 07:25:33,63.7256,8.834,42.8,81,40,10.36
116,Te Anau,NZ,2021-04-21 07:25:33,-45.4167,167.7167,51.53,90,89,3.71
117,Itoman,JP,2021-04-21 07:25:34,26.1247,127.6694,75.0,83,75,16.11
118,Uman,UA,2021-04-21 07:25:34,48.7484,30.2218,49.53,70,76,9.6
119,Bahia Honda,CU,2021-04-21 07:25:35,22.9036,-83.1592,75.54,91,100,6.91
120,Hilo,US,2021-04-21 07:22:59,19.7297,-155.09,73.4,78,1,3.44
121,Unai,BR,2021-04-21 07:25:35,-16.3575,-46.9061,65.57,62,99,2.75
122,Ponta Do Sol,PT,2021-04-21 07:25:36,32.6667,-17.1,57.0,69,81,1.99
123,Richards Bay,ZA,2021-04-21 07:25:36,-28.783,32.0377,71.76,69,8,6.62
124,Hilton Head Island,US,2021-04-21 07:20:39,32.2163,-80.7526,64.99,100,1,6.06
125,Dauphin,CA,2021-04-21 07:25:37,51.1494,-100.0502,33.8,69,90,8.05
126,Yashan,CN,2021-04-21 07:25:37,22.1975,109.9419,82.6,71,70,11.95
127,Lebu,CL,2021-04-21 07:25:37,-37.6167,-73.65,54.03,94,99,8.25
128,Natal,BR,2021-04-21 07:25:38,-5.795,-35.2094,77.0,94,0,3.44
129,Sarangani,PH,2021-04-21 07:25:38,5.4033,125.4636,83.61,73,39,16.71
130,Castro,BR,2021-04-21 07:25:39,-24.7911,-50.0119,53.24,95,96,6.69
131,Comacchio,IT,2021-04-21 07:25:39,44.6975,12.1858,57.0,63,0,7.27
132,Prieska,ZA,2021-04-21 07:25:39,-29.6641,22.7474,73.6,25,6,20.0
133,Lodja,CD,2021-04-21 07:25:40,-3.4833,23.4333,71.62,95,100,3.42
134,Kandrian,PG,2021-04-21 07:25:40,-6.2167,149.55,80.56,85,100,6.6
135,Bay Roberts,CA,2021-04-21 07:25:41,47.5999,-53.2648,36.0,90,100,4.0
136,Kuzovatovo,RU,2021-04-21 07:25:41,53.5468,47.6866,36.01,79,100,20.2
137,North Platte,US,2021-04-21 07:25:41,41.1239,-100.7654,26.01,80,1,6.91
138,Hasaki,JP,2021-04-21 07:25:42,35.7333,140.8333,75.0,42,20,9.22
139,Nantucket,US,2021-04-21 07:21:33,41.2835,-70.0995,50.0,87,1,10.36
140,Chinchani,IN,2021-04-21 07:25:42,19.8667,72.7,86.07,59,100,11.77
141,Longyearbyen,SJ,2021-04-21 07:25:43,78.2186,15.6401,23.0,68,75,6.91
142,Sebastian,US,2021-04-21 07:25:43,35.1668,-94.2669,33.8,86,1,5.75
143,Buala,SB,2021-04-21 07:25:44,-8.145,159.5921,82.17,79,68,3.18
144,Beringovskiy,RU,2021-04-21 07:25:44,63.05,179.3167,20.46,91,49,0.98
145,Pangnirtung,CA,2021-04-21 07:25:45,66.1451,-65.7125,17.92,74,92,10.13
146,Sheridan,US,2021-04-21 07:25:45,44.8333,-106.9173,23.0,73,1,5.55
147,Seydi,TM,2021-04-21 07:25:45,39.4816,62.9137,68.07,32,0,12.01
148,Padborg,DK,2021-04-21 07:25:46,54.8266,9.3625,46.99,87,61,12.66
149,Saldanha,ZA,2021-04-21 07:25:46,-33.0117,17.9442,59.0,88,99,4.61
150,Turinsk,RU,2021-04-21 07:25:47,58.0458,63.696,50.67,51,38,5.75
151,Dikson,RU,2021-04-21 07:25:47,73.5069,80.5464,19.29,92,100,22.41
152,Anjiang,CN,2021-04-21 07:25:47,27.3194,110.1031,76.91,80,76,3.4
153,Carauari,BR,2021-04-21 07:25:48,-4.8828,-66.8958,71.26,99,100,1.19
154,Ixtapa,MX,2021-04-21 07:25:48,20.7,-105.2,73.0,74,15,2.84
155,Vila Franca Do Campo,PT,2021-04-21 07:25:49,37.7167,-25.4333,60.8,94,40,14.97
156,Ellensburg,US,2021-04-21 07:24:38,46.9965,-120.5479,45.0,49,1,4.34
157,Dodge City,US,2021-04-21 07:25:49,37.7528,-100.0171,32.0,74,1,8.05
158,Custodia,BR,2021-04-21 07:25:50,-8.0875,-37.6431,68.22,92,76,6.06
159,Staryy Nadym,RU,2021-04-21 07:25:50,65.6118,72.6842,26.65,85,83,13.15
160,Kristiinankaupunki,FI,2021-04-21 07:25:51,62.2743,21.376,44.6,54,5,10.33
161,Port Macquarie,AU,2021-04-21 07:25:51,-31.4333,152.9167,63.0,70,0,13.89
162,Cleveland,US,2021-04-21 07:21:48,41.4995,-81.6954,33.01,93,90,13.8
163,Dingle,PH,2021-04-21 07:25:52,10.9995,122.6711,90.52,51,100,13.94
164,Souillac,MU,2021-04-21 07:25:52,-20.5167,57.5167,82.4,74,75,11.5
165,Grand Gaube,MU,2021-04-21 07:25:53,-20.0064,57.6608,82.0,76,99,8.99
166,Kapaa,US,2021-04-21 07:24:28,22.0752,-159.319,73.4,88,90,5.75
167,Tahta,EG,2021-04-21 07:25:54,26.7693,31.5021,78.8,34,0,8.05
168,Vanavara,RU,2021-04-21 07:25:54,60.34,102.2797,25.66,62,100,5.14
169,Saint George,US,2021-04-21 07:21:02,37.1041,-113.5841,68.0,14,1,12.66
170,Pecos,US,2021-04-21 07:25:55,31.4229,-103.4932,46.4,46,1,11.5
171,Nouadhibou,MR,2021-04-21 07:25:55,20.931,-17.0347,62.6,82,0,16.11
172,Barkly West,ZA,2021-04-21 07:25:56,-28.5354,24.5215,64.4,48,0,8.05
173,Torbay,CA,2021-04-21 07:25:56,47.6666,-52.7314,35.01,100,90,17.27
174,Griffith,US,2021-04-21 07:25:56,41.5284,-87.4237,33.8,93,90,3.44
175,Nchelenge,ZM,2021-04-21 07:25:57,-9.3451,28.734,70.68,75,100,4.0
176,Madimba,TZ,2021-04-21 07:25:57,-10.4,40.3333,77.0,78,20,23.02
177,Chokurdakh,RU,2021-04-21 07:25:58,70.6333,147.9167,25.88,93,100,6.46
178,Bengkulu,ID,2021-04-21 07:25:58,-3.8004,102.2655,83.7,75,100,7.23
179,Washim,IN,2021-04-21 07:25:58,20.1,77.15,95.56,18,100,12.39
180,Deputatskiy,RU,2021-04-21 07:25:59,69.3,139.9,20.53,85,100,5.35
181,Baykit,RU,2021-04-21 07:25:59,61.67,96.37,32.0,75,100,4.74
182,Isla Mujeres,MX,2021-04-21 07:26:00,21.2311,-86.731,80.6,89,75,8.05
183,Agboville,CI,2021-04-21 07:26:00,5.928,-4.2132,76.06,96,100,1.5
184,Labuan,MY,2021-04-21 07:26:00,5.2767,115.2417,87.01,66,20,4.61
185,Mount Isa,AU,2021-04-21 07:26:01,-20.7333,139.5,91.4,25,100,10.36
186,Acapulco,MX,2021-04-21 07:21:34,16.8634,-99.8901,75.96,61,5,4.32
187,Nurota,UZ,2021-04-21 07:26:01,40.5614,65.6886,60.8,44,0,16.11
188,Sohag,EG,2021-04-21 07:26:02,26.557,31.6948,78.8,34,0,8.05
189,La Fleche,FR,2021-04-21 07:26:02,47.6982,-0.0755,51.01,81,0,6.91
190,Media Luna,CU,2021-04-21 07:26:03,20.1419,-77.435,76.03,79,14,2.39
191,Aksha,RU,2021-04-21 07:26:03,50.2814,113.2867,75.58,14,23,14.05
192,Pedernales,DO,2021-04-21 07:26:04,18.0384,-71.744,77.0,58,18,5.32
193,Zhangjiakou,CN,2021-04-21 07:26:04,40.81,114.8794,66.09,31,97,20.85
194,Baneh,IR,2021-04-21 07:26:05,35.9975,45.8853,78.15,20,29,8.88
195,Tiverton,GB,2021-04-21 07:26:05,50.9,-3.4833,50.0,82,88,4.0
196,Srisailam,IN,2021-04-21 07:26:05,16.0833,78.8667,98.78,26,15,5.57
197,Bogorodskoye,RU,2021-04-21 07:26:06,56.55,37.8833,34.93,99,100,2.21
198,Port Lincoln,AU,2021-04-21 07:26:06,-34.7333,135.8667,59.94,58,100,13.11
199,Zlobin,HR,2021-04-21 07:26:07,45.2924,14.6541,55.4,67,20,5.75
200,Mataram,ID,2021-04-21 07:26:07,-8.5833,116.1167,87.8,48,40,10.36
201,Shush,IR,2021-04-21 07:26:07,32.1942,48.2436,98.76,12,90,3.91
202,Lompoc,US,2021-04-21 07:26:08,34.6391,-120.4579,51.8,82,100,6.91
203,Westport,US,2021-04-21 07:26:08,41.1415,-73.3579,52.0,71,1,3.44
204,Praia,CV,2021-04-21 07:26:09,14.9215,-23.5087,68.0,77,0,10.36
205,Axim,GH,2021-04-21 07:26:09,4.8699,-2.2405,81.88,78,100,4.7
206,Innisfail,AU,2021-04-21 07:26:09,-17.5333,146.0333,73.76,95,100,3.24
207,Eskil,TR,2021-04-21 07:26:10,38.4017,33.4131,56.34,39,0,10.87
208,Ancud,CL,2021-04-21 07:26:10,-41.8697,-73.8203,46.0,100,90,2.3
209,Karratha,AU,2021-04-21 07:26:10,-20.7377,116.8463,88.86,25,0,11.61
210,Torrijos,ES,2021-04-21 07:26:11,39.9819,-4.2835,57.0,76,0,4.61
211,Sladkovo,RU,2021-04-21 07:26:11,55.5284,70.3385,43.65,42,90,14.56
212,Nijar,ES,2021-04-21 07:25:12,36.9665,-2.206,60.8,88,0,3.44
213,Hillsborough,US,2021-04-21 07:26:12,37.5741,-122.3794,51.01,87,90,3.44
214,Ust-Maya,RU,2021-04-21 07:26:12,60.4167,134.5333,32.16,57,100,3.02
215,Padang,ID,2021-04-21 07:24:23,-0.9492,100.3543,87.8,66,20,5.75
216,Berlevag,NO,2021-04-21 07:26:13,70.8578,29.0864,42.8,56,0,18.41
217,San Rafael,AR,2021-04-21 07:26:13,-34.6177,-68.3301,53.62,86,100,21.63
218,Kahului,US,2021-04-21 07:24:10,20.8947,-156.47,75.2,94,20,4.61
219,Cabo San Lucas,MX,2021-04-21 07:23:33,22.8909,-109.9124,64.99,48,3,5.86
220,Kholodnyy,RU,2021-04-21 07:26:14,62.7167,147.95,33.73,89,90,3.8
221,Kenai,US,2021-04-21 07:26:14,60.5544,-151.2583,37.0,93,1,10.36
222,Sur,OM,2021-04-21 07:26:15,22.5667,59.5289,91.9,32,0,6.96
223,Pacific Grove,US,2021-04-21 07:26:15,36.6177,-121.9166,51.8,87,90,4.61
224,Tessalit,ML,2021-04-21 07:26:16,20.1986,1.0114,79.32,8,0,5.17
225,Maltahohe,NA,2021-04-21 07:26:16,-24.8333,16.9833,66.47,28,35,12.24
226,Dom Pedro,BR,2021-04-21 07:26:16,-4.4833,-44.45,71.26,99,92,2.3
227,Nelson Bay,AU,2021-04-21 07:26:17,-32.7167,152.15,64.4,52,20,5.75
228,Sola,VU,2021-04-21 07:26:17,-13.8833,167.55,82.4,83,90,4.61
229,Muroto,JP,2021-04-21 07:26:18,33.2833,134.15,69.8,73,40,9.22
230,Oriximina,BR,2021-04-21 07:26:18,-1.7656,-55.8661,73.4,94,100,1.52
231,Platanos,GR,2021-04-21 07:26:18,37.6667,21.6167,60.8,63,20,4.61
232,Perivolion,GR,2021-04-21 07:26:19,39.4206,20.0147,59.0,67,40,5.75
233,Marystown,CA,2021-04-21 07:26:19,47.1666,-55.1483,37.78,82,94,10.45
234,Nishihara,JP,2021-04-21 07:26:19,26.1842,127.7558,75.2,73,75,23.02
235,Manyana,BW,2021-04-21 07:26:20,-23.4,21.7167,64.33,38,0,11.39
236,Ahipara,NZ,2021-04-21 07:23:07,-35.1667,173.1667,63.05,84,100,12.01
237,Isangel,VU,2021-04-21 07:26:20,-19.55,169.2667,82.4,83,40,9.64
238,Victoria,HK,2021-04-21 07:22:05,22.2855,114.1577,80.6,54,20,12.66
239,Upernavik,GL,2021-04-21 07:26:21,72.7868,-56.1549,5.56,86,94,6.69
240,Praia Da Vitoria,PT,2021-04-21 07:26:21,38.7333,-27.0667,62.01,82,40,6.78
241,Uruguaiana,BR,2021-04-21 07:26:22,-29.7547,-57.0883,64.4,77,0,11.5
242,Cidreira,BR,2021-04-21 07:26:22,-30.1811,-50.2056,69.91,76,44,16.82
243,Kavaratti,IN,2021-04-21 07:26:23,10.5669,72.642,84.24,71,68,7.56
244,Tanout,NE,2021-04-21 07:26:23,14.9709,8.8879,87.01,6,18,10.38
245,Severo-Kurilsk,RU,2021-04-21 07:26:23,50.6789,156.125,34.66,95,100,21.88
246,Vestmannaeyjar,IS,2021-04-21 07:26:24,63.4427,-20.2734,42.69,71,100,8.57
247,Itarema,BR,2021-04-21 07:26:24,-2.9248,-39.9167,74.82,88,100,3.13
248,Makakilo City,US,2021-04-21 07:22:13,21.3469,-158.0858,78.01,69,90,6.29
249,Les Cayes,HT,2021-04-21 07:26:25,18.2,-73.75,74.88,85,100,4.94
250,Port Hedland,AU,2021-04-21 07:26:25,-20.3167,118.5667,89.6,33,1,17.27
251,San Luis,AR,2021-04-21 07:24:42,-33.295,-66.3356,70.59,59,71,27.11
252,Moctezuma,MX,2021-04-21 07:26:26,29.8,-109.6667,65.17,21,61,4.41
253,Teguldet,RU,2021-04-21 07:26:26,57.3064,88.1667,30.92,67,100,4.32
254,Sao Sebastiao,BR,2021-04-21 07:25:03,-23.76,-45.4097,67.55,89,54,4.9
255,Zhigansk,RU,2021-04-21 07:26:27,66.7697,123.3711,18.43,72,100,3.78
256,Zhicheng,CN,2021-04-21 07:23:14,30.2956,111.5047,62.01,93,100,1.57
257,Atar,MR,2021-04-21 07:26:27,20.5169,-13.0499,73.27,21,5,10.38
258,Faanui,PF,2021-04-21 07:26:28,-16.4833,-151.75,81.81,73,20,10.07
259,Georgetown,MY,2021-04-21 07:26:28,5.4112,100.3354,91.99,70,20,9.22
260,Causapscal,CA,2021-04-21 07:26:29,48.3542,-67.227,35.28,82,100,5.99
261,Fort Nelson,CA,2021-04-21 07:26:29,58.8053,-122.7002,53.6,30,40,4.61
262,Yulara,AU,2021-04-21 07:26:29,-25.2406,130.9889,80.6,14,10,5.75
263,Tura,IN,2021-04-21 07:26:30,25.5198,90.2201,94.68,32,6,6.02
264,Alyangula,AU,2021-04-21 07:26:30,-13.8483,136.4192,87.8,70,40,4.61
265,Ulladulla,AU,2021-04-21 07:26:31,-35.35,150.4667,62.01,55,43,9.22
266,Mogadishu,SO,2021-04-21 07:26:31,2.0371,45.3438,87.8,62,75,8.05
267,Vung Tau,VN,2021-04-21 07:26:31,10.346,107.0843,85.53,71,54,12.33
268,Longkou,CN,2021-04-21 07:26:32,37.6508,120.3286,52.7,64,100,14.09
269,Altay,CN,2021-04-21 07:26:32,47.8667,88.1167,41.14,85,100,4.63
270,Balint,RO,2021-04-21 07:26:33,45.8125,21.8536,50.0,100,96,8.05
271,Oranjestad,AW,2021-04-21 07:23:27,12.524,-70.027,80.01,73,20,18.41
272,Bani Walid,LY,2021-04-21 07:24:21,31.7566,13.9942,63.05,37,5,12.71
273,Barranca,PE,2021-04-21 07:26:33,-10.75,-77.7667,65.52,89,23,5.91
274,Kulhudhuffushi,MV,2021-04-21 07:26:34,6.6221,73.07,84.31,70,100,6.08
275,Alihe,CN,2021-04-21 07:26:34,50.5667,123.7167,74.55,19,11,10.94
276,Coquimbo,CL,2021-04-21 07:24:11,-29.9533,-71.3436,57.2,77,20,5.75
277,Taltal,CL,2021-04-21 07:26:35,-25.4,-70.4833,61.68,77,2,5.01
278,Tautira,PF,2021-04-21 07:26:35,-17.7333,-149.15,77.0,83,75,4.61
279,Azle,US,2021-04-21 07:26:36,32.8951,-97.5459,39.0,81,1,4.61
280,Beidao,CN,2021-04-21 07:26:36,34.5686,105.8933,70.83,46,100,8.7
281,Hidalgo,MX,2021-04-21 07:24:38,20.5,-99.0,57.33,85,46,4.43
282,Jiangyou,CN,2021-04-21 07:26:37,31.7667,104.7167,70.99,63,92,5.95
283,Peleduy,RU,2021-04-21 07:26:37,59.6289,112.7406,27.12,76,100,10.49
284,Xifeng,CN,2021-04-21 07:26:37,42.7372,124.7222,78.62,16,45,16.62
285,Baturaja,ID,2021-04-21 07:26:38,-4.1333,104.1667,90.28,52,73,4.52
286,Ponta Delgada,PT,2021-04-21 07:26:38,37.7333,-25.6667,60.8,94,40,14.97
287,Westlock,CA,2021-04-21 07:26:39,54.1502,-113.8688,30.2,80,0,4.61
288,Los Llanos De Aridane,ES,2021-04-21 07:26:39,28.6585,-17.9182,68.0,68,75,8.05
289,Kavieng,PG,2021-04-21 07:26:39,-2.5744,150.7967,83.43,73,99,10.51
290,Luderitz,NA,2021-04-21 07:26:40,-26.6481,15.1594,73.29,52,100,8.7
291,Karatau,KZ,2021-04-21 07:26:40,43.1667,70.4667,36.86,98,100,10.69
292,Tual,ID,2021-04-21 07:26:41,-5.6667,132.75,83.73,72,96,9.24
293,Kokomo,US,2021-04-21 07:21:43,40.4864,-86.1336,27.0,100,40,6.91
294,Shiraz,IR,2021-04-21 07:26:41,29.6036,52.5388,80.6,21,0,4.61
295,Kodiak,US,2021-04-21 07:26:42,57.79,-152.4072,41.0,87,90,14.97
296,Revelstoke,CA,2021-04-21 07:26:42,50.9832,-118.2023,39.2,70,1,2.62
297,Goshen,US,2021-04-21 07:23:29,41.5823,-85.8344,30.0,93,1,5.75
298,Antsohihy,MG,2021-04-21 07:26:43,-14.8796,47.9875,82.6,66,98,13.15
299,Quatre Cocos,MU,2021-04-21 07:26:43,-20.2078,57.7625,82.4,74,75,11.5
300,Dubbo,AU,2021-04-21 07:26:43,-32.25,148.6167,60.8,36,0,9.22
301,Reading,GB,2021-04-21 07:22:21,51.4562,-0.9711,51.01,87,40,10.36
302,Puerto Padre,CU,2021-04-21 07:26:44,21.195,-76.6028,73.4,60,61,4.61
303,Kuito,AO,2021-04-21 07:24:23,-12.3833,16.9333,63.18,63,9,8.7
304,Verkhnevilyuysk,RU,2021-04-21 07:26:45,63.4453,120.3167,24.73,68,100,4.85
305,Jacareacanga,BR,2021-04-21 07:26:45,-6.2222,-57.7528,70.88,99,100,1.12
306,Pailon,BO,2021-04-21 07:26:46,-17.65,-62.75,71.6,94,40,3.44
307,Sitka,US,2021-04-21 07:23:45,57.0531,-135.33,42.8,81,90,3.44
308,Lakatoro,VU,2021-04-21 07:26:46,-16.0999,167.4164,82.35,79,100,7.56
309,Obidos,BR,2021-04-21 07:26:47,-1.9175,-55.5181,73.06,96,100,2.08
310,Indianola,US,2021-04-21 07:26:47,41.3581,-93.5574,32.0,51,40,4.61
311,Huron,US,2021-04-21 07:26:47,41.1501,-82.5499,32.0,92,100,12.66
312,Boysun,UZ,2021-04-21 07:26:48,38.2061,67.1986,63.09,39,4,10.04
313,Panaba,MX,2021-04-21 07:26:48,21.2833,-88.2667,74.7,92,51,4.97
314,Isakly,RU,2021-04-21 07:26:49,54.1333,51.5333,44.73,37,100,20.42
315,Valdivia,CL,2021-04-21 07:26:49,-39.8142,-73.2459,50.0,100,90,1.14
316,Maceio,BR,2021-04-21 07:26:50,-9.6658,-35.7353,73.4,100,20,4.61
317,Bathsheba,BB,2021-04-21 07:26:50,13.2167,-59.5167,75.2,69,75,21.85
318,Wellington,NZ,2021-04-21 07:26:42,-41.2866,174.7756,59.0,82,94,12.66
319,Veraval,IN,2021-04-21 07:26:51,20.9,70.3667,87.12,55,100,13.58
320,Ust-Ilimsk,RU,2021-04-21 07:26:51,58.0006,102.6619,24.96,50,100,8.37
321,Tasiilaq,GL,2021-04-21 07:26:51,65.6145,-37.6368,19.4,68,20,4.61
322,Namatanai,PG,2021-04-21 07:23:10,-3.6667,152.4333,82.76,76,49,12.66
323,Nynashamn,SE,2021-04-21 07:26:52,58.9034,17.9479,50.0,40,0,6.91
324,Xinzhi,CN,2021-04-21 07:26:53,36.4989,111.7047,57.74,74,100,2.15
325,Kyren,RU,2021-04-21 07:26:53,51.6828,102.1408,29.88,76,100,6.38
326,Tiarei,PF,2021-04-21 07:26:53,-17.5333,-149.3333,77.0,83,75,4.61
327,Cururupu,BR,2021-04-21 07:26:54,-1.8283,-44.8683,72.95,97,100,1.83
328,Port Keats,AU,2021-04-21 07:26:54,-14.25,129.55,89.11,40,53,8.52
329,Geraldton,AU,2021-04-21 07:26:55,-28.7667,114.6,86.0,19,3,10.36
330,Olafsvik,IS,2021-04-21 07:26:55,64.8945,-23.7142,40.08,87,100,10.51
331,Brae,GB,2021-04-21 07:26:55,60.3964,-1.353,41.0,56,20,14.97
332,Kungurtug,RU,2021-04-21 07:26:56,50.5994,97.5228,27.95,90,100,0.72
333,Zeya,RU,2021-04-21 07:26:56,53.75,127.2667,56.73,41,87,8.61
334,Slave Lake,CA,2021-04-21 07:26:57,55.2834,-114.769,33.8,64,1,3.62
335,Aginskoye,RU,2021-04-21 07:26:57,51.1,114.53,68.07,22,38,16.46
336,Wajima,JP,2021-04-21 07:26:57,37.4,136.9,62.6,15,0,5.75
337,Verkhoyansk,RU,2021-04-21 07:26:58,67.5447,133.385,24.8,66,100,4.14
338,Quang Ngai,VN,2021-04-21 07:26:58,15.1167,108.8,87.73,64,98,10.18
339,Anderson,US,2021-04-21 07:26:59,34.5334,-82.6499,55.0,82,1,3.44
340,Arlit,NE,2021-04-21 07:26:59,18.7369,7.3853,90.3,6,4,13.49
341,Finschhafen,PG,2021-04-21 07:26:59,-6.6024,147.8681,84.0,76,100,5.59
342,Haines Junction,CA,2021-04-21 07:27:00,60.7522,-137.5108,39.2,52,100,19.57
343,Williams Lake,CA,2021-04-21 07:27:00,52.1415,-122.1445,42.8,39,1,3.44
344,Sibolga,ID,2021-04-21 07:27:01,1.7427,98.7792,86.07,64,100,6.78
345,Matara,LK,2021-04-21 07:27:01,5.9485,80.5353,85.15,68,100,10.47
346,Samarai,PG,2021-04-21 07:27:02,-10.6167,150.6667,84.07,73,97,10.96
347,Grindavik,IS,2021-04-21 07:27:02,63.8424,-22.4338,39.2,87,90,6.91
348,Hovd,MN,2021-04-21 07:27:03,48.0056,91.6419,39.11,50,80,11.7
349,Chimbote,PE,2021-04-21 07:27:03,-9.0853,-78.5783,65.91,90,95,5.37
350,Sandwick,GB,2021-04-21 07:27:03,60.0,-1.25,41.0,56,20,14.97
351,Glyadyanskoye,RU,2021-04-21 07:27:04,54.9075,65.0883,52.48,43,1,9.64
352,Sao Miguel Do Iguacu,BR,2021-04-21 07:27:04,-25.3481,-54.2378,64.4,88,0,10.36
353,Nemuro,JP,2021-04-21 07:27:05,43.3236,145.575,37.4,87,75,10.36
354,Harper,LR,2021-04-21 07:27:05,4.375,-7.7169,80.73,83,47,4.23
355,Faya,SA,2021-04-21 07:27:05,18.3851,42.4509,77.0,14,0,8.05
356,Portland,US,2021-04-21 07:24:07,45.5234,-122.6762,57.0,63,11,2.35
357,Prince Rupert,CA,2021-04-21 07:27:06,54.3161,-130.3201,46.4,87,90,3.44
358,North Bend,US,2021-04-21 07:27:06,43.4065,-124.2243,48.99,93,90,11.5
359,Banda Aceh,ID,2021-04-21 07:25:03,5.5577,95.3222,86.58,65,100,12.21
360,Dalby,AU,2021-04-21 07:27:07,-27.1833,151.2667,75.0,25,0,1.99
361,Nikolskoye,RU,2021-04-21 07:27:07,59.7035,30.7861,44.01,75,40,6.71
362,Marfino,RU,2021-04-21 07:27:08,55.7028,37.3822,37.99,87,90,6.71
363,Sao Filipe,CV,2021-04-21 07:27:08,14.8961,-24.4956,71.33,75,99,12.84
364,Cayenne,GF,2021-04-21 07:27:08,4.9333,-52.3333,79.0,100,90,6.26
365,Trairi,BR,2021-04-21 07:27:09,-3.2778,-39.2689,73.89,91,100,2.53
366,Gatesville,US,2021-04-21 07:27:09,31.4352,-97.7439,43.0,75,1,3.44
367,Kargasok,RU,2021-04-21 07:27:10,59.0556,80.8572,29.3,70,100,11.3
368,Bambous Virieux,MU,2021-04-21 07:27:10,-20.3428,57.7575,82.4,74,75,11.5
369,Byron Bay,AU,2021-04-21 07:27:10,-28.65,153.6167,75.2,31,0,11.5
370,Mantua,IT,2021-04-21 07:27:11,45.1667,10.7833,55.0,82,5,2.3
371,Semey,KZ,2021-04-21 07:27:11,50.4111,80.2275,39.2,22,0,11.18
372,Alamos,MX,2021-04-21 07:27:12,27.0167,-108.9333,73.0,38,82,3.09
373,Dole,FR,2021-04-21 07:27:12,47.0833,5.5,48.99,87,0,1.14
374,Maragogi,BR,2021-04-21 07:27:12,-9.0122,-35.2225,76.91,89,97,7.0
375,Seoul,KR,2021-04-21 07:24:26,37.5683,126.9778,84.2,24,100,5.75
376,Caravelas,BR,2021-04-21 07:27:13,-17.7125,-39.2481,70.77,93,100,2.86
377,Qaqortoq,GL,2021-04-21 07:27:13,60.7167,-46.0333,46.4,31,75,23.02
378,Norman Wells,CA,2021-04-21 07:27:14,65.282,-126.8329,23.0,86,90,17.27
379,Cravo Norte,CO,2021-04-21 07:27:14,6.3017,-70.2041,82.0,49,100,3.67
380,Sarakhs,IR,2021-04-21 07:27:15,36.5449,61.1577,84.2,23,0,9.22
381,Pimentel,PE,2021-04-21 07:27:15,-6.8367,-79.9342,64.0,87,97,5.01
382,Leningradskiy,RU,2021-04-21 07:27:15,69.3833,178.4167,28.74,71,5,8.39
383,Puri,IN,2021-04-21 07:27:16,19.8,85.85,98.6,49,40,11.5
384,Te Karaka,NZ,2021-04-21 07:27:16,-38.4654,177.8679,58.28,98,34,0.85
385,Volovo,UA,2021-04-21 07:27:17,48.5246,23.5056,48.0,84,32,8.01
386,Novyy Urengoy,RU,2021-04-21 07:27:17,66.0833,76.6333,21.34,85,100,11.25
387,Berdigestyakh,RU,2021-04-21 07:27:17,62.0989,126.6992,26.62,62,99,3.65
388,Cordoba,AR,2021-04-21 07:25:28,-31.4135,-64.1811,69.01,82,0,11.5
389,Tahoua,NE,2021-04-21 07:23:13,14.8888,5.2692,95.0,26,0,9.22
390,Sioux Lookout,CA,2021-04-21 07:24:07,50.1001,-91.917,21.2,63,75,2.3
391,Bibiani,GH,2021-04-21 07:27:18,6.4635,-2.3194,74.35,96,100,2.44
392,Henties Bay,NA,2021-04-21 07:27:19,-22.116,14.2845,73.99,70,12,1.01
393,Clyde River,CA,2021-04-21 07:27:19,70.4692,-68.5914,-0.4,85,90,3.44
394,Dire,ML,2021-04-21 07:27:20,12.2833,-10.9667,83.57,30,19,5.46
395,Kysyl-Syr,RU,2021-04-21 07:27:20,63.8986,122.7617,24.08,71,100,4.97
396,Usakos,NA,2021-04-21 07:27:21,-22.0,15.6,72.63,28,8,14.94
397,Yar-Sale,RU,2021-04-21 07:27:21,66.8333,70.8333,30.33,94,98,13.44
398,Sisimiut,GL,2021-04-21 07:27:21,66.9395,-53.6735,19.56,74,11,9.4
399,Willowmore,ZA,2021-04-21 07:27:22,-33.2926,23.4895,68.59,47,100,2.91
400,Maamba,ZM,2021-04-21 07:27:22,-17.3667,27.15,70.21,56,76,6.2
401,Batemans Bay,AU,2021-04-21 07:27:22,-35.7167,150.1833,60.01,67,76,1.01
402,Kawhia,NZ,2021-04-21 07:27:23,-38.0651,174.8183,62.01,92,78,4.0
403,Northam,GB,2021-04-21 07:27:23,51.0333,-4.2167,51.01,89,80,1.01
404,Coihaique,CL,2021-04-21 07:27:24,-45.5752,-72.0662,46.4,93,90,2.3
405,Bairiki,KI,2021-04-21 07:27:24,1.3292,172.9752,82.4,83,40,10.36
406,Lagawe,PH,2021-04-21 07:27:25,16.8,121.1192,81.91,74,100,1.34
407,Golyshmanovo,RU,2021-04-21 07:27:25,56.3979,68.3728,43.83,56,94,12.77
408,Estelle,US,2021-04-21 07:27:25,29.8458,-90.1067,64.0,87,0,6.98
409,Hami,CN,2021-04-21 07:27:26,42.8,93.45,79.45,10,100,2.1
410,Shache,CN,2021-04-21 07:27:26,38.4167,77.2406,74.35,13,97,1.5
411,Concarneau,FR,2021-04-21 07:27:27,47.875,-3.9225,51.8,71,0,4.61
412,Fortuna,US,2021-04-21 07:27:27,40.5982,-124.1573,50.0,100,90,5.75
413,Tilichiki,RU,2021-04-21 07:27:28,60.4667,166.1,27.82,90,20,3.69
414,Seybaplaya,MX,2021-04-21 07:27:28,19.65,-90.6667,76.73,88,93,7.49
415,Bereda,ES,2021-04-21 07:27:28,43.2686,-7.5406,48.99,100,100,1.16
416,Kingseat,GB,2021-04-21 07:27:29,56.0974,-3.4084,44.01,65,0,10.36
417,Freeport,US,2021-04-21 07:27:21,40.6576,-73.5832,53.01,82,1,13.8
418,Wau,SS,2021-04-21 07:27:29,7.7029,27.9953,85.26,51,100,10.22
419,Gizeh,EG,2021-04-21 07:25:40,30.0081,31.2109,68.0,52,0,16.11
420,Gasa,PS,2021-04-21 07:24:33,31.5,34.4667,73.99,50,8,10.56
421,Puerto Madero,MX,2021-04-21 07:27:30,14.7208,-92.4215,80.58,70,58,3.18
422,Sangar,RU,2021-04-21 07:27:31,63.9242,127.4739,23.54,75,100,9.93
423,Suntar,RU,2021-04-21 07:27:31,62.1444,117.6319,27.37,81,100,8.61
424,Dehloran,IR,2021-04-21 07:27:32,32.6941,47.2679,96.04,14,70,5.39
425,Ribeira Grande,PT,2021-04-21 07:27:32,38.5167,-28.7,62.6,88,40,14.97
426,San Quintin,MX,2021-04-21 07:27:33,30.4833,-115.95,55.9,84,99,8.72
427,Hanyang,CN,2021-04-21 07:27:33,32.1371,105.5126,68.38,62,67,2.33
428,Bekovo,RU,2021-04-21 07:27:33,52.4663,43.712,48.22,89,100,18.86
429,Farmington,US,2021-04-21 07:27:34,36.7281,-108.2187,42.8,24,1,4.61
430,Necochea,AR,2021-04-21 07:27:34,-38.5473,-58.7368,63.0,92,0,8.01
431,Road Town,VG,2021-04-21 07:27:35,18.4167,-64.6167,78.01,82,10,7.0
432,Gat,IL,2021-04-21 07:27:35,31.61,34.7642,73.99,51,10,1.01
433,Assiniboia,CA,2021-04-21 07:27:35,49.6334,-105.9845,23.0,74,3,9.22
434,Havelock,US,2021-04-21 07:27:36,34.8791,-76.9013,59.0,87,1,5.46
435,Syava,RU,2021-04-21 07:27:36,58.0146,46.3222,37.67,71,100,16.69
436,Hauzenberg,DE,2021-04-21 07:27:37,48.65,13.6333,46.99,85,11,3.0
437,Nazca,PE,2021-04-21 07:27:37,-14.8333,-74.95,68.52,76,0,4.03
438,Fukuma,JP,2021-04-21 07:27:37,33.7667,130.4667,77.0,52,0,13.8
439,Turukhansk,RU,2021-04-21 07:27:38,65.8167,87.9833,25.81,79,46,9.06
440,Kizema,RU,2021-04-21 07:27:38,61.113,44.8302,46.51,41,100,13.85
441,Tefe,BR,2021-04-21 07:27:39,-3.3542,-64.7114,72.19,99,100,1.41
442,Elko,US,2021-04-21 07:27:39,41.0002,-115.5012,45.0,31,100,10.0
443,Cortez,US,2021-04-21 07:27:40,37.3489,-108.5859,35.6,41,1,3.44
444,Bontang,ID,2021-04-21 07:27:40,0.1333,117.5,83.89,77,100,9.48
445,Port Moresby,PG,2021-04-21 07:27:40,-9.4431,147.1797,86.0,74,40,17.27
446,Manggar,ID,2021-04-21 07:27:41,-2.8833,108.2667,87.01,58,28,12.12
447,Argelia,CO,2021-04-21 07:27:41,2.2556,-77.2488,65.66,98,100,1.79
448,Bubaque,GW,2021-04-21 07:27:42,11.2833,-15.8333,78.12,66,93,11.12
449,Svetlaya,RU,2021-04-21 07:27:42,46.5389,138.3297,52.07,41,0,4.07
450,Taoudenni,ML,2021-04-21 07:27:42,22.6783,-3.9836,81.3,15,11,7.96
451,Montijo,PT,2021-04-21 07:27:43,38.7067,-8.9739,62.01,82,40,6.91
452,Manturovo,RU,2021-04-21 07:27:43,58.3353,44.7619,34.16,95,100,16.2
453,Cockburn Town,TC,2021-04-21 07:27:44,21.4612,-71.1419,77.83,79,17,21.21
454,Erenhot,CN,2021-04-21 07:26:43,43.6475,111.9767,72.59,23,100,12.44
455,Ramgarh,IN,2021-04-21 07:27:44,23.6333,85.5167,98.6,32,75,5.75
456,Thinadhoo,MV,2021-04-21 07:27:45,0.5333,72.9333,82.42,64,5,4.12
457,Myitkyina,MM,2021-04-21 07:27:45,25.3833,97.4,103.95,14,1,2.98
458,Kabinda,CD,2021-04-21 07:27:46,-6.1333,24.4833,72.16,82,100,5.79
459,Kalmunai,LK,2021-04-21 07:27:46,7.4167,81.8167,88.54,58,59,8.32
460,Shenjiamen,CN,2021-04-21 07:27:46,29.9576,122.298,63.14,84,0,13.94
461,Morayfield,AU,2021-04-21 07:27:47,-27.1167,152.95,80.6,28,0,16.11
462,Barabai,ID,2021-04-21 07:27:47,-2.5833,115.3833,93.22,43,75,2.75
463,Bhadrachalam,IN,2021-04-21 07:27:48,17.6667,80.8833,101.97,27,8,8.9
464,Abatskoye,RU,2021-04-21 07:27:48,56.2875,70.4555,43.16,44,16,13.96
465,Araouane,ML,2021-04-21 07:27:48,18.9048,-3.5265,79.9,7,3,7.16
466,Umm Lajj,SA,2021-04-21 07:27:49,25.0213,37.2685,83.73,53,24,7.43
467,Skibbereen,IE,2021-04-21 07:27:49,51.55,-9.2667,42.8,100,20,10.36
468,Novokorsunskaya,RU,2021-04-21 07:27:49,45.6408,39.1464,61.0,72,40,11.18
469,Sakakah,SA,2021-04-21 07:27:50,29.9697,40.2064,87.8,16,0,10.36
470,Havre-Saint-Pierre,CA,2021-04-21 07:27:50,50.2334,-63.5986,32.0,100,90,4.61
471,Bosaso,SO,2021-04-21 07:27:51,11.2842,49.1816,82.4,89,0,13.8
472,Ormara,PK,2021-04-21 07:27:51,25.2088,64.6357,85.66,57,0,15.28
473,Baruun-Urt,MN,2021-04-21 07:27:51,46.6806,113.2792,75.47,9,100,20.47
474,Bandarbeyla,SO,2021-04-21 07:25:16,9.4942,50.8122,85.89,65,66,9.35
475,Eureka,US,2021-04-21 07:27:52,40.8021,-124.1637,50.0,90,58,6.15
476,Kristiansund,NO,2021-04-21 07:27:52,63.1115,7.732,33.8,93,75,6.91
477,Huambo,AO,2021-04-21 07:27:53,-12.7761,15.7392,63.19,64,22,5.12
478,Antalaha,MG,2021-04-21 07:27:53,-14.9003,50.2788,80.42,74,89,10.69
479,Walvis Bay,NA,2021-04-21 07:27:54,-22.9575,14.5053,75.2,35,92,4.61
480,Hamilton,US,2021-04-21 07:27:54,39.1834,-84.5333,33.01,93,90,9.22
481,Las Varas,MX,2021-04-21 07:27:54,21.1667,-105.1667,73.0,74,32,4.63
482,Massakory,TD,2021-04-21 07:27:55,12.996,15.7293,88.45,6,95,13.35
483,Nizwa,OM,2021-04-21 07:26:56,22.9333,57.5333,94.75,9,0,6.8
484,Darnah,LY,2021-04-21 07:27:55,32.767,22.6367,61.02,62,0,8.7
485,Dong Hoi,VN,2021-04-21 07:27:56,17.4833,106.6,83.84,78,20,11.39
486,San Andres,CO,2021-04-21 07:27:56,12.5847,-81.7006,80.6,78,20,11.5
487,Alta Floresta,BR,2021-04-21 07:27:56,-9.8756,-56.0861,68.83,98,98,2.13
488,Devonport,AU,2021-04-21 07:27:57,-41.1667,146.35,50.0,78,100,13.09
489,Giyon,ET,2021-04-21 07:27:57,8.5333,37.9833,76.32,30,100,14.12
490,Svetlogorsk,BY,2021-04-21 07:27:58,52.6333,29.7333,43.84,75,100,4.61
491,Keith,GB,2021-04-21 07:27:58,57.5363,-2.9481,41.0,81,20,8.05
492,Rio Blanco,MX,2021-04-21 07:27:58,18.8333,-97.15,64.29,90,87,2.3
493,Palembang,ID,2021-04-21 07:27:59,-2.9167,104.7458,89.6,62,40,8.05
494,Santa Comba,ES,2021-04-21 07:27:59,43.0331,-8.8093,48.99,94,100,1.01
495,Buraydah,SA,2021-04-21 07:28:00,26.326,43.975,89.6,25,0,5.75
496,Viedma,AR,2021-04-21 07:28:00,-40.8135,-62.9967,64.13,79,93,18.68
497,Hattiesburg,US,2021-04-21 07:28:01,31.3271,-89.2903,55.99,87,1,11.05
498,Vila Velha,BR,2021-04-21 07:28:01,-20.3297,-40.2925,75.0,94,0,4.61
499,Broome,US,2021-04-21 07:28:01,42.2506,-75.833,37.99,75,90,5.75
500,Maldonado,UY,2021-04-21 07:28:02,-34.6667,-54.9167,64.4,88,40,6.91
501,Emerald,AU,2021-04-21 07:28:03,-23.5333,148.1667,86.0,42,90,2.3
502,Sinnamary,GF,2021-04-21 07:28:03,5.3833,-52.95,76.39,86,100,6.4
503,Montepuez,MZ,2021-04-21 07:28:03,-13.1256,38.9997,74.8,67,21,10.09
504,Kjollefjord,NO,2021-04-21 07:28:04,70.9457,27.3465,42.8,61,0,19.57
505,Poya,NC,2021-04-21 07:28:04,-21.35,165.15,74.79,86,97,6.33
506,Jalu,LY,2021-04-21 07:28:05,29.0331,21.5482,66.45,37,6,12.21
507,Santa Fe,AR,2021-04-21 07:28:05,-31.6333,-60.7,66.99,83,0,3.0
508,Sumbe,AO,2021-04-21 07:28:06,-11.2061,13.8437,81.57,69,34,4.56
509,Cocorit,MX,2021-04-21 07:28:06,27.5833,-109.9667,70.57,36,6,5.5
510,Beira,MZ,2021-04-21 07:28:07,-19.8436,34.8389,75.2,78,75,11.65
511,Bundaberg,AU,2021-04-21 07:28:07,-24.85,152.35,79.0,69,79,17.27
512,Nhulunbuy,AU,2021-04-21 07:25:14,-12.2333,136.7667,82.4,78,40,5.75
513,Curup,ID,2021-04-21 07:28:08,-3.4667,102.5333,76.86,89,100,1.32
514,Izmaylovo,RU,2021-04-21 07:28:08,53.7211,47.2458,36.88,81,100,18.52
515,Nabire,ID,2021-04-21 07:28:08,-3.3667,135.4833,84.6,69,99,3.67
516,Bydgoszcz,PL,2021-04-21 07:28:09,53.1235,18.0076,53.01,76,0,4.61
517,Porto Belo,BR,2021-04-21 07:28:09,-27.1578,-48.5531,72.0,71,54,8.88
518,Along,IN,2021-04-21 07:28:10,28.1667,94.7667,91.09,27,16,2.48
519,Dahuk,IQ,2021-04-21 07:28:10,36.8695,42.994,84.6,28,100,1.97
520,Paamiut,GL,2021-04-21 07:28:11,61.994,-49.6678,25.48,64,0,7.7
521,Port Hawkesbury,CA,2021-04-21 07:28:11,45.6169,-61.3485,36.0,100,1,3.44
522,Beloha,MG,2021-04-21 07:28:11,-25.1667,45.05,78.33,54,10,14.52
523,Aykhal,RU,2021-04-21 07:28:12,66.0,111.5,16.81,73,100,8.61
524,Nanakuli,US,2021-04-21 07:28:12,21.3906,-158.1547,77.0,69,90,7.65
525,Gao,ML,2021-04-21 07:28:13,16.6362,1.637,86.85,4,98,11.01
526,Wagar,SD,2021-04-21 07:25:08,16.1525,36.2032,96.85,22,1,13.27
527,San Blas,MX,2021-04-21 07:28:13,21.5167,-105.2667,68.49,79,6,3.78
528,Yagodnoye,RU,2021-04-21 07:28:14,62.55,149.6667,30.9,87,99,3.31
529,Singaparna,ID,2021-04-21 07:28:14,-7.3515,108.111,86.25,45,39,6.44
530,Morrope,PE,2021-04-21 07:28:14,-6.5417,-80.0111,64.0,87,91,5.01
531,Comarapa,BO,2021-04-21 07:28:15,-17.9,-64.4833,55.27,96,64,1.66
532,Mutis,CO,2021-04-21 07:28:15,6.2262,-77.4044,77.86,87,96,2.62
533,Nelson,NZ,2021-04-21 07:28:16,-41.2833,173.2833,60.01,86,49,1.99
534,Abalak,RU,2021-04-21 07:28:16,58.1286,68.5944,42.51,44,6,8.48
535,Paoua,CF,2021-04-21 07:28:17,7.2427,16.4406,84.09,48,99,7.81
536,Tabat,ID,2021-04-21 07:28:17,-2.635,115.2274,94.96,39,59,2.71
537,Antigonish,CA,2021-04-21 07:28:17,45.6169,-61.9986,45.0,87,100,4.61
538,Belmonte,BR,2021-04-21 07:28:18,-15.8631,-38.8828,73.4,88,0,3.44
539,Shumskiy,RU,2021-04-21 07:28:18,54.8318,99.1328,33.15,38,100,8.25
540,Toccoa,US,2021-04-21 07:28:19,34.5773,-83.3324,55.0,87,40,4.76
541,Hoopstad,ZA,2021-04-21 07:28:19,-27.8327,25.9083,64.62,35,0,7.96
542,Dali,CN,2021-04-21 07:28:19,25.7,100.1833,79.99,23,1,6.73
543,Tanete,ID,2021-04-21 07:28:20,-3.9443,119.7848,89.02,55,38,5.28
544,Severnyy,RU,2021-04-21 07:28:20,50.677,36.5532,42.8,93,90,6.71
545,Saint-Augustin,CA,2021-04-21 07:28:21,51.226,-58.6502,35.64,82,100,1.52
546,Victor Harbor,AU,2021-04-21 07:28:21,-35.5667,138.6167,60.01,59,99,12.21
547,Huilong,CN,2021-04-21 07:28:21,31.8111,121.655,73.0,71,8,7.0
548,Antofagasta,CL,2021-04-21 07:23:29,-23.65,-70.4,59.0,88,0,2.3
549,Vysokogornyy,RU,2021-04-21 07:28:22,50.1167,139.15,36.97,92,35,4.14
550,Salalah,OM,2021-04-21 07:28:22,17.0151,54.0924,86.0,70,0,11.5
551,Krutinka,RU,2021-04-21 07:28:23,56.0055,71.5113,39.33,52,6,13.87
552,Flinders,AU,2021-04-21 07:28:23,-34.5833,150.8552,62.01,65,5,1.99
553,Nanortalik,GL,2021-04-21 07:28:24,60.1432,-45.2371,35.82,76,100,4.36
554,Kilindoni,TZ,2021-04-21 07:27:11,-7.9139,39.6668,77.99,82,100,15.82
