City_ID,City,Country,Date,Lat,Lng,Max Temp,Humidity,Cloudiness,Wind Speed,Current Description
0,Buchanan,LR,2021-04-24 03:14:17,5.8808,-10.0467,77.0,94,20,6.89,few clouds
1,Thompson,CA,2021-04-24 03:14:48,55.7435,-97.8558,17.6,49,20,5.75,few clouds
2,Mataura,NZ,2021-04-24 03:16:49,-46.1927,168.8643,53.01,87,96,1.99,overcast clouds
3,Ushuaia,AR,2021-04-24 03:18:20,-54.8,-68.3,42.8,93,75,14.97,broken clouds
4,Khatanga,RU,2021-04-24 03:13:46,71.9667,102.5,33.33,97,100,18.92,overcast clouds
5,Port Alfred,ZA,2021-04-24 03:18:20,-33.5906,26.891,64.22,74,0,14.36,clear sky
6,Mumford,GH,2021-04-24 03:18:21,5.2618,-0.759,81.05,84,100,9.55,moderate rain
7,Bredasdorp,ZA,2021-04-24 03:15:05,-34.5322,20.0403,46.4,93,96,2.3,overcast clouds
8,Derzhavinsk,KZ,2021-04-24 03:18:21,51.1,66.3167,43.05,42,100,16.69,overcast clouds
9,Castro,BR,2021-04-24 03:18:21,-24.7911,-50.0119,52.9,88,8,3.22,clear sky
10,Acari,PE,2021-04-24 03:18:22,-15.4311,-74.6158,69.08,84,25,3.06,scattered clouds
11,Cherskiy,RU,2021-04-24 03:17:29,68.75,161.3,27.63,89,100,4.45,light snow
12,Torrington,US,2021-04-24 03:18:22,41.8007,-73.1212,44.01,57,7,3.62,clear sky
13,Vaini,TO,2021-04-24 03:16:41,-21.2,-175.2,84.2,79,20,8.05,few clouds
14,Padang,ID,2021-04-24 03:18:23,-0.9492,100.3543,86.0,66,20,2.3,few clouds
15,Pevek,RU,2021-04-24 03:18:23,69.7008,170.3133,19.83,85,54,2.01,broken clouds
16,Saint-Georges,GD,2021-04-24 03:18:24,12.0564,-61.7485,80.6,78,20,14.97,few clouds
17,Rikitea,PF,2021-04-24 03:18:24,-23.1203,-134.9692,79.02,74,100,14.81,overcast clouds
18,Pundaguitan,PH,2021-04-24 03:18:25,6.3711,126.1689,84.58,67,56,6.4,broken clouds
19,Mangrol,IN,2021-04-24 03:18:25,21.1167,70.1167,82.71,71,99,10.4,overcast clouds
20,Barrow,US,2021-04-24 03:18:25,71.2906,-156.7887,28.4,74,1,3.44,clear sky
21,Jamestown,US,2021-04-24 03:14:57,42.097,-79.2353,46.4,49,1,13.8,clear sky
22,Punta Arenas,CL,2021-04-24 03:18:26,-53.15,-70.9167,42.8,93,75,2.3,broken clouds
23,Meulaboh,ID,2021-04-24 03:18:26,4.1363,96.1285,81.05,77,100,3.71,overcast clouds
24,Kavali,IN,2021-04-24 03:18:27,14.9167,79.9833,89.02,57,16,8.63,few clouds
25,Coahuayana,MX,2021-04-24 03:16:12,18.7333,-103.6833,72.9,73,41,0.6,scattered clouds
26,Hilo,US,2021-04-24 03:18:27,19.7297,-155.09,78.8,57,90,5.75,light rain
27,Caohe,CN,2021-04-24 03:18:28,30.2297,115.4335,65.79,81,100,3.18,light rain
28,Kapaa,US,2021-04-24 03:13:30,22.0752,-159.319,77.0,69,40,18.41,light rain
29,Norman Wells,CA,2021-04-24 03:18:28,65.282,-126.8329,33.8,55,90,11.5,overcast clouds
30,Samarai,PG,2021-04-24 03:18:29,-10.6167,150.6667,84.58,72,58,10.11,broken clouds
31,Flin Flon,CA,2021-04-24 03:13:54,54.7682,-101.865,20.14,68,41,2.59,scattered clouds
32,Chuy,UY,2021-04-24 03:16:30,-33.6971,-53.4616,64.62,89,12,9.13,few clouds
33,Korla,CN,2021-04-24 03:18:30,41.7597,86.1469,48.54,42,15,3.09,few clouds
34,Taltal,CL,2021-04-24 03:18:30,-25.4,-70.4833,61.56,83,5,1.25,clear sky
35,Mahebourg,MU,2021-04-24 03:18:31,-20.4081,57.7,75.2,94,75,11.5,light rain
36,Busselton,AU,2021-04-24 03:13:37,-33.65,115.3333,75.0,55,24,1.99,few clouds
37,Manokwari,ID,2021-04-24 03:18:31,-0.8667,134.0833,82.38,76,66,5.32,heavy intensity rain
38,Sotuta,MX,2021-04-24 03:18:32,20.6,-89.0167,76.6,69,1,8.93,clear sky
39,Lincoln,US,2021-04-24 03:18:28,40.8,-96.667,53.6,43,1,10.36,clear sky
40,Anadyr,RU,2021-04-24 03:18:32,64.75,177.4833,26.6,80,0,6.71,clear sky
41,Sitka,US,2021-04-24 03:16:22,57.0531,-135.33,59.0,23,20,4.61,few clouds
42,Carnarvon,AU,2021-04-24 03:18:33,-24.8667,113.6333,86.0,26,2,4.61,clear sky
43,Hermanus,ZA,2021-04-24 03:18:33,-34.4187,19.2345,55.99,90,97,4.0,overcast clouds
44,Vao,NC,2021-04-24 03:16:31,-22.6667,167.4833,75.87,74,70,10.4,broken clouds
45,Pisco,PE,2021-04-24 03:14:50,-13.7,-76.2167,66.0,88,2,5.75,clear sky
46,Kaitangata,NZ,2021-04-24 03:13:47,-46.2817,169.8464,55.0,64,100,7.0,overcast clouds
47,Ahvaz,IR,2021-04-24 03:14:03,31.3203,48.6693,73.4,46,100,4.23,overcast clouds
48,Lac Du Bonnet,CA,2021-04-24 03:18:35,50.2536,-96.0612,28.0,99,100,4.81,overcast clouds
49,Saskylakh,RU,2021-04-24 03:18:35,71.9167,114.0833,33.89,96,100,19.75,overcast clouds
50,Shibetsu,JP,2021-04-24 03:18:35,43.659,145.132,66.2,34,0,10.36,clear sky
51,Vilhena,BR,2021-04-24 03:17:58,-12.7406,-60.1458,72.43,83,95,3.51,overcast clouds
52,Ciudad Bolivar,VE,2021-04-24 03:17:23,8.1222,-63.5497,83.03,59,26,15.05,scattered clouds
53,Conceicao Do Araguaia,BR,2021-04-24 03:14:40,-8.2578,-49.2647,77.0,94,0,1.14,clear sky
54,Atuona,PF,2021-04-24 03:14:50,-9.8,-139.0333,80.37,78,22,24.02,few clouds
55,Gat,IL,2021-04-24 03:18:36,31.61,34.7642,66.0,100,37,2.51,scattered clouds
56,Ahuimanu,US,2021-04-24 03:18:37,21.4447,-157.8378,78.8,69,90,11.5,overcast clouds
57,Butaritari,KI,2021-04-24 03:18:37,3.0707,172.7902,81.21,77,100,6.69,moderate rain
58,Mar Del Plata,AR,2021-04-24 03:18:38,-38.0023,-57.5575,63.0,100,90,2.3,moderate rain
59,Bluff,NZ,2021-04-24 03:18:38,-46.6,168.3333,53.01,87,64,1.99,broken clouds
60,Huilong,CN,2021-04-24 03:18:38,31.8111,121.655,64.99,95,100,3.0,overcast clouds
61,Antofagasta,CL,2021-04-24 03:18:39,-23.65,-70.4,60.8,88,75,5.75,broken clouds
62,Rundu,NA,2021-04-24 03:18:39,-17.9333,19.7667,55.62,49,0,4.68,clear sky
63,Jasper,US,2021-04-24 03:18:40,37.2001,-94.3502,57.2,88,90,14.97,moderate rain
64,Anshun,CN,2021-04-24 03:18:40,26.25,105.9333,69.4,77,100,6.17,overcast clouds
65,Hofn,IS,2021-04-24 03:18:40,64.2539,-15.2082,44.73,76,100,4.68,overcast clouds
66,Tymovskoye,RU,2021-04-24 03:18:41,50.8456,142.655,35.76,78,99,8.72,overcast clouds
67,Mayumba,GA,2021-04-24 03:14:46,-3.432,10.6554,76.51,89,100,5.53,overcast clouds
68,Tual,ID,2021-04-24 03:18:41,-5.6667,132.75,84.27,72,100,18.37,overcast clouds
69,Victoria,HK,2021-04-24 03:14:45,22.2855,114.1577,84.2,61,20,17.27,few clouds
70,Myanaung,MM,2021-04-24 03:18:42,18.2833,95.3167,92.23,46,24,2.19,few clouds
71,Upernavik,GL,2021-04-24 03:18:07,72.7868,-56.1549,28.0,88,100,4.54,light snow
72,Bengkulu,ID,2021-04-24 03:18:43,-3.8004,102.2655,82.69,66,100,1.34,overcast clouds
73,Auray,FR,2021-04-24 03:18:43,47.6703,-2.9918,55.0,53,0,13.8,clear sky
74,Lata,PT,2021-04-24 03:18:44,40.1629,-8.3327,59.0,94,40,5.75,scattered clouds
75,Tasiilaq,GL,2021-04-24 03:18:44,65.6145,-37.6368,37.4,70,90,25.32,light snow
76,Bambous Virieux,MU,2021-04-24 03:18:44,-20.3428,57.7575,77.0,94,75,11.5,light rain
77,Longyearbyen,SJ,2021-04-24 03:18:45,78.2186,15.6401,19.4,73,75,5.75,light snow
78,Koungou,YT,2021-04-24 03:18:45,-12.7336,45.2042,80.6,83,75,24.16,light rain
79,Hobart,AU,2021-04-24 03:16:01,-42.8794,147.3294,61.0,44,75,16.11,broken clouds
80,Ribeira Grande,PT,2021-04-24 03:18:46,38.5167,-28.7,58.37,78,99,28.45,overcast clouds
81,Albany,US,2021-04-24 03:17:55,42.6001,-73.9662,45.0,51,3,6.13,clear sky
82,Mancio Lima,BR,2021-04-24 03:18:46,-7.6142,-72.8958,75.2,100,0,1.14,clear sky
83,Baker City,US,2021-04-24 03:18:47,44.7749,-117.8344,57.2,38,75,9.22,broken clouds
84,Rock Sound,BS,2021-04-24 03:18:47,24.9,-76.2,76.03,75,99,16.98,overcast clouds
85,Teguise,ES,2021-04-24 03:18:48,29.0605,-13.564,64.4,77,0,5.75,clear sky
86,Clyde River,CA,2021-04-24 03:16:51,70.4692,-68.5914,10.4,92,90,3.44,heavy snow
87,Ponta Do Sol,PT,2021-04-24 03:18:49,32.6667,-17.1,60.01,79,21,3.0,few clouds
88,Avarua,CK,2021-04-24 03:18:49,-21.2078,-159.775,80.6,78,40,16.11,light rain
89,Vardo,NO,2021-04-24 03:18:50,70.3705,31.1107,34.92,65,100,14.76,overcast clouds
90,Cabo San Lucas,MX,2021-04-24 03:18:50,22.8909,-109.9124,72.0,56,20,8.99,few clouds
91,Isangel,VU,2021-04-24 03:18:50,-19.55,169.2667,86.0,74,75,5.75,broken clouds
92,Williston,US,2021-04-24 03:18:51,48.147,-103.618,34.0,36,100,8.12,overcast clouds
93,Cidreira,BR,2021-04-24 03:17:30,-30.1811,-50.2056,69.64,82,1,16.2,clear sky
94,Selam,IN,2021-04-24 03:15:34,11.65,78.1667,80.6,69,40,2.55,mist
95,Lekoni,GA,2021-04-24 03:18:51,-1.5843,14.2591,72.45,86,100,13.15,heavy intensity rain
96,Okhotsk,RU,2021-04-24 03:18:52,59.3833,143.3,29.93,56,8,17.87,clear sky
97,Indramayu,ID,2021-04-24 03:18:52,-6.3264,108.32,84.18,63,0,9.91,clear sky
98,Odweyne,SO,2021-04-24 03:18:53,9.4092,45.064,71.17,61,86,3.15,overcast clouds
99,Salalah,OM,2021-04-24 03:18:53,17.0151,54.0924,82.4,74,20,3.44,few clouds
100,Buala,SB,2021-04-24 03:18:54,-8.145,159.5921,84.79,69,56,5.28,light rain
101,Svetlyy,RU,2021-04-24 03:18:54,54.675,20.1347,30.2,80,0,6.71,clear sky
102,Richards Bay,ZA,2021-04-24 03:18:54,-28.783,32.0377,66.47,66,95,14.14,overcast clouds
103,Klaksvik,FO,2021-04-24 03:18:55,62.2266,-6.589,42.8,100,90,5.75,overcast clouds
104,Dharmanagar,IN,2021-04-24 03:18:55,24.3667,92.1667,94.35,21,22,2.62,few clouds
105,Saint-Philippe,RE,2021-04-24 03:18:56,-21.3585,55.7679,77.0,69,0,10.36,moderate rain
106,Svetlogorsk,BY,2021-04-24 03:18:56,52.6333,29.7333,31.78,87,64,11.39,broken clouds
107,Fort Nelson,CA,2021-04-24 03:18:56,58.8053,-122.7002,35.6,41,20,6.91,few clouds
108,Grindavik,IS,2021-04-24 03:18:57,63.8424,-22.4338,46.4,93,75,16.11,broken clouds
109,New Norfolk,AU,2021-04-24 03:18:57,-42.7826,147.0587,61.0,70,96,3.0,overcast clouds
110,Tupik,RU,2021-04-24 03:18:57,54.4253,119.9327,44.89,36,2,10.8,clear sky
111,Alofi,NU,2021-04-24 03:18:58,-19.0595,-169.9187,82.4,83,26,9.22,scattered clouds
112,Dulce Grande,MX,2021-04-24 03:18:58,23.0,-102.1667,66.2,14,75,11.5,broken clouds
113,Okakarara,NA,2021-04-24 03:18:59,-20.5833,17.4333,54.5,43,0,3.51,clear sky
114,Whittlesea,ZA,2021-04-24 03:18:59,-32.1759,26.8244,46.0,96,35,2.28,scattered clouds
115,Husavik,IS,2021-04-24 03:19:00,66.0449,-17.3389,35.6,93,0,3.44,clear sky
116,Bambanglipuro,ID,2021-04-24 03:19:00,-7.95,110.2833,83.93,64,1,5.86,clear sky
117,Morondava,MG,2021-04-24 03:19:00,-20.2833,44.2833,73.99,78,0,5.26,clear sky
118,Half Moon Bay,US,2021-04-24 03:14:19,37.4636,-122.4286,54.0,87,90,4.61,mist
119,Narsaq,GL,2021-04-24 03:19:01,60.9167,-46.05,35.6,69,75,3.44,broken clouds
120,Tiksi,RU,2021-04-24 03:19:01,71.6872,128.8694,18.27,82,100,16.87,overcast clouds
121,Port Lincoln,AU,2021-04-24 03:19:02,-34.7333,135.8667,64.15,59,68,8.3,broken clouds
122,Gurupa,BR,2021-04-24 03:19:02,-1.405,-51.64,73.72,96,93,2.1,overcast clouds
123,Hasaki,JP,2021-04-24 03:19:03,35.7333,140.8333,72.0,48,75,8.05,broken clouds
124,Saint George,US,2021-04-24 03:19:03,37.1041,-113.5841,71.6,12,1,6.91,clear sky
125,Dauphin,CA,2021-04-24 03:19:03,51.1494,-100.0502,28.4,59,90,6.91,overcast clouds
126,Leningradskiy,RU,2021-04-24 03:19:04,69.3833,178.4167,29.28,86,94,6.53,overcast clouds
127,Bahar,IR,2021-04-24 03:19:04,34.9072,48.4414,46.4,71,0,2.42,clear sky
128,Valdivia,CL,2021-04-24 03:19:04,-39.8142,-73.2459,42.8,100,20,2.3,few clouds
129,Saint-Francois,FR,2021-04-24 03:19:05,46.4154,3.9054,39.0,81,0,1.14,clear sky
130,Hualmay,PE,2021-04-24 03:19:05,-11.0964,-77.6139,66.07,91,8,7.72,clear sky
131,Dingle,PH,2021-04-24 03:19:06,10.9995,122.6711,91.92,49,91,7.83,light rain
132,Shaunavon,CA,2021-04-24 03:19:06,49.6501,-108.4181,32.0,51,58,9.22,broken clouds
133,Torbay,CA,2021-04-24 03:15:08,47.6666,-52.7314,39.0,100,90,16.11,overcast clouds
134,Ola,RU,2021-04-24 03:19:07,59.5833,151.2833,30.02,74,68,3.33,broken clouds
135,Niamey,NE,2021-04-24 03:19:07,13.5137,2.1098,84.2,18,13,2.3,few clouds
136,Cotonou,BJ,2021-04-24 03:14:33,6.3654,2.4183,82.4,89,40,17.27,scattered clouds
137,Puerto Ayora,EC,2021-04-24 03:19:08,-0.7393,-90.3518,77.0,95,13,4.0,few clouds
138,Sisimiut,GL,2021-04-24 03:19:09,66.9395,-53.6735,31.98,66,100,6.31,overcast clouds
139,Qasigiannguit,GL,2021-04-24 03:19:09,68.8193,-51.1922,30.2,64,100,2.3,overcast clouds
140,Waingapu,ID,2021-04-24 03:19:09,-9.6567,120.2641,84.47,69,1,10.33,clear sky
141,Aklavik,CA,2021-04-24 03:19:10,68.2191,-135.0107,35.6,55,79,8.05,broken clouds
142,Collie,AU,2021-04-24 03:19:10,-33.3667,116.15,78.73,30,89,5.61,overcast clouds
143,Ancud,CL,2021-04-24 03:16:34,-41.8697,-73.8203,48.0,100,40,3.2,mist
144,Bilibino,RU,2021-04-24 03:19:11,68.0546,166.4372,26.89,79,68,3.31,broken clouds
145,Magaria,NE,2021-04-24 03:19:11,12.9983,8.9099,82.78,25,67,6.96,broken clouds
146,Klaebu,NO,2021-04-24 03:19:11,63.2976,10.4826,33.8,80,75,11.5,light snow
147,Carlisle,US,2021-04-24 03:19:06,40.2015,-77.1889,48.0,49,5,7.18,clear sky
148,Esperance,AU,2021-04-24 03:19:12,-33.8667,121.9,73.4,46,100,12.66,overcast clouds
149,Maliq,AL,2021-04-24 03:19:12,40.7058,20.6997,43.03,96,100,3.51,overcast clouds
150,Cabedelo,BR,2021-04-24 03:19:13,-6.9811,-34.8339,77.0,88,0,3.44,clear sky
151,Chifeng,CN,2021-04-24 03:19:13,42.2683,118.9636,52.2,69,100,12.26,overcast clouds
152,Pangnirtung,CA,2021-04-24 03:19:14,66.1451,-65.7125,30.9,89,100,6.67,overcast clouds
153,Nikolskoye,RU,2021-04-24 03:19:14,59.7035,30.7861,35.01,93,75,4.36,broken clouds
154,Port Hedland,AU,2021-04-24 03:19:14,-20.3167,118.5667,93.2,13,0,16.11,clear sky
155,Yellowknife,CA,2021-04-24 03:15:08,62.456,-114.3525,15.01,62,75,8.05,broken clouds
156,Swellendam,ZA,2021-04-24 03:19:15,-34.0226,20.4417,46.4,93,72,2.3,broken clouds
157,Ambilobe,MG,2021-04-24 03:19:15,-13.2,49.05,70.27,85,65,3.51,broken clouds
158,Port Elizabeth,ZA,2021-04-24 03:19:16,-33.918,25.5701,55.4,100,90,4.61,fog
159,Maun,BW,2021-04-24 03:19:16,-19.9833,23.4167,57.2,67,0,3.44,clear sky
160,Geraldton,AU,2021-04-24 03:19:17,-28.7667,114.6,86.0,21,2,5.75,clear sky
161,Shubarkuduk,KZ,2021-04-24 03:19:17,49.1447,56.4872,48.4,74,82,10.2,broken clouds
162,Khorixas,NA,2021-04-24 03:19:17,-20.3667,14.9667,68.52,44,10,7.49,clear sky
163,Charters Towers,AU,2021-04-24 03:19:18,-20.1,146.2667,67.17,85,100,12.21,overcast clouds
164,Jacobabad,PK,2021-04-24 03:19:18,28.281,68.4388,83.37,16,0,9.15,clear sky
165,Kita,ML,2021-04-24 03:19:18,13.0349,-9.4895,89.33,30,85,5.53,overcast clouds
166,Gayeri,BF,2021-04-24 03:19:19,12.6497,0.4931,88.3,25,73,6.31,broken clouds
167,George,ZA,2021-04-24 03:19:19,-33.963,22.4617,53.6,94,0,3.44,clear sky
168,Sao Joao Da Barra,BR,2021-04-24 03:19:20,-21.6403,-41.0511,68.23,88,0,6.91,clear sky
169,Port Hardy,CA,2021-04-24 03:19:20,50.6996,-127.4199,48.2,93,90,3.44,light rain
170,Cape Town,ZA,2021-04-24 03:17:50,-33.9258,18.4232,59.0,82,0,10.36,clear sky
171,Hervey Bay,AU,2021-04-24 03:19:21,-25.2986,152.8535,78.01,51,14,4.0,few clouds
172,Lavrentiya,RU,2021-04-24 03:19:21,65.5833,-171.0,33.3,83,3,4.12,clear sky
173,Katsuura,JP,2021-04-24 03:19:21,35.1333,140.3,72.0,52,75,4.61,broken clouds
174,Sherlovaya Gora,RU,2021-04-24 03:19:22,50.5667,116.25,45.14,11,82,8.21,broken clouds
175,Faanui,PF,2021-04-24 03:16:23,-16.4833,-151.75,80.13,75,100,10.13,light rain
176,Saint-Joseph,RE,2021-04-24 03:19:22,-21.3667,55.6167,77.0,69,0,10.36,light rain
177,Susanville,US,2021-04-24 03:15:01,40.4163,-120.653,60.8,29,1,13.8,clear sky
178,Arraial Do Cabo,BR,2021-04-24 03:19:23,-22.9661,-42.0278,72.9,80,41,13.96,scattered clouds
179,Taoudenni,ML,2021-04-24 03:19:23,22.6783,-3.9836,85.03,8,0,8.39,clear sky
180,Qaanaaq,GL,2021-04-24 03:19:24,77.484,-69.3632,17.2,79,100,5.44,overcast clouds
181,Tres Arroyos,AR,2021-04-24 03:19:24,-38.3739,-60.2798,58.37,95,98,6.49,overcast clouds
182,Nanortalik,GL,2021-04-24 03:16:58,60.1432,-45.2371,34.77,91,10,4.45,clear sky
183,Tzaneen,ZA,2021-04-24 03:19:25,-23.8332,30.1635,51.8,58,0,5.75,clear sky
184,Fukue,JP,2021-04-24 03:19:25,32.6881,128.8419,64.4,94,75,9.22,broken clouds
185,Arauca,CO,2021-04-24 03:19:26,7.0847,-70.7591,78.8,78,31,2.3,scattered clouds
186,Cayenne,GF,2021-04-24 03:19:26,4.9333,-52.3333,78.01,94,75,3.44,broken clouds
187,Havoysund,NO,2021-04-24 03:16:24,70.9963,24.6622,30.2,64,90,12.66,light snow
188,Isla Vista,US,2021-04-24 03:19:27,34.4133,-119.861,55.4,76,1,4.61,clear sky
189,Jinotega,NI,2021-04-24 03:19:27,13.0917,-86.0018,66.15,65,6,5.93,clear sky
190,Bojnurd,IR,2021-04-24 03:19:27,37.4747,57.329,53.6,76,90,9.22,overcast clouds
191,Chilliwack,CA,2021-04-24 03:15:08,49.1747,-121.9443,57.2,72,100,3.44,overcast clouds
192,Dikson,RU,2021-04-24 03:16:56,73.5069,80.5464,31.93,98,100,15.08,light snow
193,Matay,EG,2021-04-24 03:19:28,28.419,30.7792,62.17,59,11,14.18,few clouds
194,Faya,SA,2021-04-24 03:19:29,18.3851,42.4509,60.8,51,0,1.92,clear sky
195,Matara,LK,2021-04-24 03:18:56,5.9485,80.5353,81.34,82,72,5.32,broken clouds
196,Tuatapere,NZ,2021-04-24 03:19:29,-46.1333,167.6833,53.01,87,56,1.99,broken clouds
197,Yangjiang,CN,2021-04-24 03:19:29,21.85,111.9667,88.0,56,11,11.3,few clouds
198,Honiara,SB,2021-04-24 03:19:30,-9.4333,159.95,85.46,69,87,5.23,overcast clouds
199,San Quintin,MX,2021-04-24 03:18:59,30.4833,-115.95,57.99,80,16,15.05,few clouds
200,Praya,CV,2021-04-24 03:19:31,14.9215,-23.5087,68.0,77,40,13.8,scattered clouds
201,Kandrian,PG,2021-04-24 03:19:31,-6.2167,149.55,82.51,77,78,2.28,moderate rain
202,Ardakan,IR,2021-04-24 03:19:31,32.31,54.0175,77.0,22,75,2.3,broken clouds
203,Otatitlan,MX,2021-04-24 03:19:32,18.2,-96.0333,84.81,59,100,4.9,overcast clouds
204,Bertoua,CM,2021-04-24 03:19:32,4.5833,13.6833,69.04,97,100,1.41,overcast clouds
205,Kodiak,US,2021-04-24 03:16:22,57.79,-152.4072,41.0,81,90,9.22,light rain
206,Roebourne,AU,2021-04-24 03:19:33,-20.7833,117.1333,88.72,19,0,16.53,clear sky
207,Tuktoyaktuk,CA,2021-04-24 03:19:33,69.4541,-133.0374,17.6,73,40,13.8,scattered clouds
208,Kahului,US,2021-04-24 03:19:34,20.8947,-156.47,78.8,57,20,23.02,few clouds
209,Yar-Sale,RU,2021-04-24 03:19:34,66.8333,70.8333,32.32,99,98,8.57,overcast clouds
210,Qinhuangdao,CN,2021-04-24 03:19:35,39.9317,119.5883,62.91,57,56,15.66,broken clouds
211,Saint-Pierre,RE,2021-04-24 03:19:35,-21.3393,55.4781,77.0,69,0,10.36,clear sky
212,Barra Do Garcas,BR,2021-04-24 03:19:35,-15.89,-52.2567,66.92,64,8,0.34,clear sky
213,Lubango,AO,2021-04-24 03:19:36,-14.9172,13.4925,62.2,63,100,2.93,overcast clouds
214,Hovd,MN,2021-04-24 03:19:34,48.0056,91.6419,37.13,18,20,7.18,few clouds
215,Inhambane,MZ,2021-04-24 03:14:42,-23.865,35.3833,65.57,88,91,6.2,overcast clouds
216,San Jose,US,2021-04-24 03:16:20,37.3394,-121.895,57.2,67,40,11.5,scattered clouds
217,Bathsheba,BB,2021-04-24 03:17:24,13.2167,-59.5167,78.8,65,40,14.97,scattered clouds
218,Imbituba,BR,2021-04-24 03:19:37,-28.24,-48.6703,66.2,100,75,3.44,broken clouds
219,Hithadhoo,MV,2021-04-24 03:19:37,-0.6,73.0833,82.53,69,39,3.6,scattered clouds
220,Kolyshley,RU,2021-04-24 03:19:38,52.7005,44.5367,46.0,49,77,6.24,broken clouds
221,Lujan,AR,2021-04-24 03:19:38,-34.5703,-59.105,63.0,99,100,1.99,overcast clouds
222,Pannonhalma,HU,2021-04-24 03:19:38,47.5495,17.7554,33.8,80,0,2.3,clear sky
223,Prince Rupert,CA,2021-04-24 03:19:39,54.3161,-130.3201,48.2,76,1,6.91,clear sky
224,Lebu,CL,2021-04-24 03:19:39,-37.6167,-73.65,52.84,89,86,10.6,overcast clouds
225,Abu Dhabi,AE,2021-04-24 03:19:40,24.4667,54.3667,75.2,57,0,6.91,clear sky
226,San Cristobal,VE,2021-04-24 03:19:40,7.7669,-72.225,82.4,74,20,3.44,few clouds
227,Kungurtug,RU,2021-04-24 03:17:40,50.5994,97.5228,31.33,82,100,1.79,light snow
228,Celestun,MX,2021-04-24 03:19:41,20.8667,-90.4,85.37,49,97,18.19,overcast clouds
229,Dubai,AE,2021-04-24 03:19:41,25.2582,55.3047,80.6,34,0,2.3,clear sky
230,Maragogi,BR,2021-04-24 03:15:07,-9.0122,-35.2225,77.74,81,27,7.81,scattered clouds
231,Lompoc,US,2021-04-24 03:19:25,34.6391,-120.4579,53.6,71,4,5.75,clear sky
232,Toba Tek Singh,PK,2021-04-24 03:19:42,30.9743,72.4827,77.81,33,0,6.38,clear sky
233,Dunedin,NZ,2021-04-24 03:17:19,-45.8742,170.5036,54.0,86,100,5.99,overcast clouds
234,Shelburne,CA,2021-04-24 03:19:43,44.0787,-80.2041,48.2,52,1,3.44,clear sky
235,Belyy Yar,RU,2021-04-24 03:19:43,53.6039,91.3903,44.6,31,0,6.71,clear sky
236,Andenes,NO,2021-04-24 03:19:44,69.3143,16.1194,35.01,75,90,16.11,overcast clouds
237,Malinyi,TZ,2021-04-24 03:19:44,-8.9333,36.1333,67.86,94,67,2.24,broken clouds
238,Lanzhou,CN,2021-04-24 03:19:45,36.0564,103.7922,42.8,93,90,6.71,light rain
239,Road Town,VG,2021-04-24 03:19:45,18.4167,-64.6167,80.6,69,1,5.75,clear sky
240,San Jeronimo,PE,2021-04-24 03:19:45,-11.9472,-75.2829,47.41,87,80,1.34,broken clouds
241,Longfeng,CN,2021-04-24 03:19:46,46.55,125.1167,51.6,12,100,14.05,overcast clouds
242,Muli,MV,2021-04-24 03:19:46,2.9167,73.5667,83.57,65,31,9.24,scattered clouds
243,Acapulco,MX,2021-04-24 03:19:47,16.8634,-99.8901,80.6,78,40,4.61,scattered clouds
244,Carndonagh,IE,2021-04-24 03:19:47,55.25,-7.2667,45.23,64,100,5.28,overcast clouds
245,Shingu,JP,2021-04-24 03:19:47,33.7333,135.9833,64.4,63,75,10.36,broken clouds
246,Atar,MR,2021-04-24 03:19:48,20.5169,-13.0499,75.99,16,0,6.4,clear sky
247,Provideniya,RU,2021-04-24 03:17:08,64.3833,-173.3,39.18,63,31,4.07,scattered clouds
248,Chumikan,RU,2021-04-24 03:19:48,54.7183,135.315,38.08,53,98,7.45,overcast clouds
249,Peringat,MY,2021-04-24 03:19:49,6.0333,102.2833,86.0,79,20,3.44,few clouds
250,Luderitz,NA,2021-04-24 03:19:49,-26.6481,15.1594,62.2,78,3,7.45,clear sky
251,Paso De Los Toros,UY,2021-04-24 03:19:50,-32.8167,-56.5167,66.2,78,99,7.23,light rain
252,San Patricio,US,2021-04-24 03:16:39,28.017,-97.5169,75.99,94,90,12.66,overcast clouds
253,Luwuk,ID,2021-04-24 03:19:50,-0.9516,122.7875,82.72,78,93,4.07,overcast clouds
254,Tashla,RU,2021-04-24 03:19:51,51.7716,52.7427,44.76,95,100,5.41,overcast clouds
255,Olafsvik,IS,2021-04-24 03:19:51,64.8945,-23.7142,43.12,95,100,11.63,overcast clouds
256,Jaffna,LK,2021-04-24 03:19:51,9.6685,80.0074,83.8,74,7,6.08,clear sky
257,Saldanha,ZA,2021-04-24 03:17:03,-33.0117,17.9442,53.6,87,80,3.44,broken clouds
258,Khash,IR,2021-04-24 03:19:52,28.2211,61.2158,73.4,6,0,1.92,clear sky
259,Puerto Leguizamo,CO,2021-04-24 03:18:13,-0.1934,-74.7819,72.68,98,21,1.43,few clouds
260,Nema,RU,2021-04-24 03:19:53,57.5067,50.5011,41.07,88,39,7.4,scattered clouds
261,Wanaka,NZ,2021-04-24 03:19:53,-44.7,169.15,57.99,60,99,1.01,overcast clouds
262,Vostok,RU,2021-04-24 03:19:53,46.4856,135.8833,35.55,91,100,4.41,overcast clouds
263,Mitsamiouli,KM,2021-04-24 03:19:54,-11.3847,43.2844,80.78,80,83,13.58,light rain
264,Marsh Harbour,BS,2021-04-24 03:16:27,26.5412,-77.0636,73.45,70,72,14.7,broken clouds
265,Baykit,RU,2021-04-24 03:19:54,61.67,96.37,37.49,82,87,0.49,overcast clouds
266,Luganville,VU,2021-04-24 03:19:55,-15.5333,167.1667,84.36,73,83,11.18,broken clouds
267,Itaqui,BR,2021-04-24 03:19:55,-29.1253,-56.5531,69.4,77,100,2.44,overcast clouds
268,Yerbogachen,RU,2021-04-24 03:19:56,61.2767,108.0108,38.71,67,21,9.19,few clouds
269,Yulara,AU,2021-04-24 03:19:56,-25.2406,130.9889,73.4,31,16,14.97,few clouds
270,Uvarovka,RU,2021-04-24 03:19:57,55.5278,35.6061,35.4,88,100,4.83,overcast clouds
271,Woodward,US,2021-04-24 03:19:57,36.4337,-99.3904,53.6,93,90,10.36,overcast clouds
272,Santa Isabel Do Rio Negro,BR,2021-04-24 03:19:57,-0.4139,-65.0192,74.16,96,80,2.19,broken clouds
273,Grand Gaube,MU,2021-04-24 03:19:58,-20.0064,57.6608,77.0,85,93,1.01,overcast clouds
274,Yagodnoye,RU,2021-04-24 03:19:58,62.55,149.6667,17.24,73,100,8.5,overcast clouds
275,Unity,CA,2021-04-24 03:19:59,52.4501,-109.1682,34.48,35,97,7.85,overcast clouds
276,Yakeshi,CN,2021-04-24 03:19:59,49.2833,120.7333,45.5,21,100,9.35,overcast clouds
277,Nacala,MZ,2021-04-24 03:19:59,-14.5428,40.6728,71.24,96,91,6.42,light rain
278,Surgana,IN,2021-04-24 03:20:00,20.5667,73.6167,81.27,34,65,3.91,broken clouds
279,Coihaique,CL,2021-04-24 03:20:00,-45.5752,-72.0662,46.4,81,75,3.44,broken clouds
280,Yumen,CN,2021-04-24 03:20:01,40.2833,97.2,47.59,48,67,1.79,broken clouds
281,Tsiroanomandidy,MG,2021-04-24 03:20:01,-18.7667,46.0333,60.96,94,86,1.97,overcast clouds
282,Muros,ES,2021-04-24 03:20:01,42.7762,-9.0603,59.0,95,87,7.18,overcast clouds
283,Jardim,BR,2021-04-24 03:20:02,-21.4803,-56.1381,72.9,50,63,3.76,broken clouds
284,Borger,NL,2021-04-24 03:20:04,52.9233,6.7931,37.0,83,100,4.88,overcast clouds
285,Nyurba,RU,2021-04-24 03:20:04,63.2842,118.3319,36.19,92,96,7.29,overcast clouds
286,San Miguel,SV,2021-04-24 03:20:05,13.4833,-88.1833,84.2,65,0,2.37,clear sky
287,Laguna,US,2021-04-24 03:20:05,38.421,-121.4238,61.0,62,1,10.36,clear sky
288,Sernovodsk,RU,2021-04-24 03:20:06,43.3117,45.1594,44.6,93,0,2.24,clear sky
289,Okato,NZ,2021-04-24 03:20:06,-39.2,173.8833,61.0,78,33,11.01,scattered clouds
290,Villa Maria,AR,2021-04-24 03:20:06,-32.4075,-63.2402,62.01,97,45,5.01,scattered clouds
291,Culebra,PR,2021-04-24 03:20:07,18.303,-65.301,80.6,69,1,5.75,clear sky
292,Santa Rosalia,MX,2021-04-24 03:20:07,27.3167,-112.2833,64.81,46,0,2.89,clear sky
293,Ibirama,BR,2021-04-24 03:20:08,-27.0569,-49.5178,64.0,96,49,0.31,scattered clouds
294,East London,ZA,2021-04-24 03:16:18,-33.0153,27.9116,59.0,88,20,4.61,few clouds
295,Botwood,CA,2021-04-24 03:20:08,49.1499,-55.3482,36.0,88,69,4.0,broken clouds
296,Lufilufi,WS,2021-04-24 03:20:08,-13.8745,-171.5986,84.2,84,75,9.22,light rain
297,Yelan-Kolenovskiy,RU,2021-04-24 03:20:09,51.1632,41.151,48.61,87,100,6.85,overcast clouds
298,Lagoa,PT,2021-04-24 03:20:09,39.05,-27.9833,57.25,72,44,33.2,scattered clouds
299,Lagos,NG,2021-04-24 03:20:10,6.5833,3.75,82.4,89,40,8.05,scattered clouds
300,Adrar,MR,2021-04-24 03:20:10,20.5022,-10.0711,74.7,15,1,8.95,clear sky
301,Kiama,AU,2021-04-24 03:20:11,-34.6833,150.8667,73.0,52,100,5.01,overcast clouds
302,Brae,GB,2021-04-24 03:20:11,60.3964,-1.353,44.6,87,90,2.3,overcast clouds
303,Kamenka,RU,2021-04-24 03:20:12,51.3223,42.7678,45.0,96,99,6.44,light rain
304,Timra,SE,2021-04-24 03:20:12,62.487,17.3257,35.01,55,20,20.71,few clouds
305,Gribanovskiy,RU,2021-04-24 03:20:12,51.4579,41.9764,45.0,96,100,3.13,light rain
306,Hambantota,LK,2021-04-24 03:20:13,6.1241,81.1185,82.83,71,7,4.03,clear sky
307,Udachnyy,RU,2021-04-24 03:20:13,66.4167,112.4,34.14,100,46,9.64,scattered clouds
308,Mildura,AU,2021-04-24 03:19:58,-34.2,142.15,66.99,42,40,8.05,scattered clouds
309,Vanavara,RU,2021-04-24 03:20:14,60.34,102.2797,37.24,75,100,1.14,overcast clouds
310,Zelenogorskiy,RU,2021-04-24 03:16:22,55.0333,87.0,41.0,28,0,8.95,clear sky
311,Nome,US,2021-04-24 03:20:15,64.5011,-165.4064,39.99,70,1,3.44,clear sky
312,Umuahia,NG,2021-04-24 03:20:15,5.5263,7.4896,75.54,94,100,5.37,overcast clouds
313,Lumby,CA,2021-04-24 03:20:15,50.2498,-118.969,55.99,43,100,2.3,overcast clouds
314,Calais,FR,2021-04-24 03:20:16,50.9167,1.8333,45.0,67,52,12.26,broken clouds
315,Chikwawa,MW,2021-04-24 03:20:16,-16.0335,34.8009,63.9,89,0,1.3,clear sky
316,Bandarbeyla,SO,2021-04-24 03:20:17,9.4942,50.8122,82.71,74,87,4.97,overcast clouds
317,Kudahuvadhoo,MV,2021-04-24 03:20:17,2.6708,72.8944,83.35,64,28,9.13,scattered clouds
318,Pavlovka,RU,2021-04-24 03:20:17,52.6897,47.1405,44.73,88,100,3.98,overcast clouds
319,Krasnoselkup,RU,2021-04-24 03:20:18,65.7,82.4667,33.13,98,95,16.44,overcast clouds
320,Srednekolymsk,RU,2021-04-24 03:20:18,67.45,153.6833,16.03,91,100,19.26,light snow
321,Lahaina,US,2021-04-24 03:20:19,20.8783,-156.6825,78.8,57,20,23.02,few clouds
322,Acarau,BR,2021-04-24 03:20:19,-2.8856,-40.12,77.54,87,68,9.46,broken clouds
323,Roxana,CR,2021-04-24 03:20:19,10.2753,-83.7513,69.8,78,75,10.36,broken clouds
324,Chokurdakh,RU,2021-04-24 03:18:07,70.6333,147.9167,10.98,85,20,1.3,few clouds
325,Alyangula,AU,2021-04-24 03:20:20,-13.8483,136.4192,87.8,48,100,9.22,overcast clouds
326,Popondetta,PG,2021-04-24 03:18:49,-8.7537,148.2534,90.55,54,49,6.31,scattered clouds
327,Najran,SA,2021-04-24 03:20:21,17.4924,44.1277,68.0,26,0,4.61,clear sky
328,General Pico,AR,2021-04-24 03:20:21,-35.6566,-63.7568,59.07,94,11,6.87,few clouds
329,Airai,TL,2021-04-24 03:20:22,-8.9266,125.4092,75.27,47,6,3.69,clear sky
330,Cam Ranh,VN,2021-04-24 03:20:22,11.9214,109.1591,87.8,70,20,5.75,few clouds
331,Araouane,ML,2021-04-24 03:19:21,18.9048,-3.5265,85.21,12,7,7.45,clear sky
332,Quatre Cocos,MU,2021-04-24 03:20:22,-20.2078,57.7625,77.0,94,75,11.5,light rain
333,Avera,US,2021-04-24 03:20:23,33.194,-82.5271,57.2,62,1,5.75,clear sky
334,Bundaberg,AU,2021-04-24 03:20:23,-24.85,152.35,78.8,41,27,12.66,scattered clouds
335,Petropavlovsk-Kamchatskiy,RU,2021-04-24 03:20:20,53.0452,158.6483,41.0,81,83,8.95,broken clouds
336,Kasongo-Lunda,CD,2021-04-24 03:20:24,-6.4667,16.8167,70.16,99,100,2.59,light rain
337,Namatanai,PG,2021-04-24 03:17:54,-3.6667,152.4333,83.07,69,84,5.44,broken clouds
338,Makakilo City,US,2021-04-24 03:20:25,21.3469,-158.0858,80.6,54,20,6.91,few clouds
339,Codrington,AU,2021-04-24 03:20:25,-38.2667,141.9667,61.07,71,81,14.32,broken clouds
340,Khandyga,RU,2021-04-24 03:20:25,62.6667,135.6,27.25,67,19,6.67,few clouds
341,Plouzane,FR,2021-04-24 03:20:26,48.3833,-4.6167,55.4,44,0,9.22,clear sky
342,Amapa,BR,2021-04-24 03:20:26,1.0,-52.0,72.0,99,100,1.12,overcast clouds
343,Kruisfontein,ZA,2021-04-24 03:20:27,-34.0033,24.7314,57.99,93,93,1.01,overcast clouds
344,Mpika,ZM,2021-04-24 03:20:27,-11.8343,31.4529,57.38,98,68,5.55,broken clouds
345,Mantua,IT,2021-04-24 03:20:28,45.1667,10.7833,48.99,89,0,1.01,clear sky
346,Adoni,IN,2021-04-24 03:20:28,15.6333,77.2833,86.36,49,6,7.23,clear sky
347,Rudnaya Pristan,RU,2021-04-24 03:20:28,44.3614,135.8116,58.23,58,100,8.55,light rain
348,Morgan City,US,2021-04-24 03:20:29,29.6994,-91.2068,73.4,88,90,10.36,overcast clouds
349,Bethel,US,2021-04-24 03:20:29,41.3712,-73.414,50.0,53,1,5.75,clear sky
350,Severodvinsk,RU,2021-04-24 03:20:30,64.5635,39.8302,46.4,81,75,4.47,broken clouds
351,Porto Novo,BJ,2021-04-24 03:20:30,6.4965,2.6036,84.2,84,40,17.27,scattered clouds
352,Fortuna,US,2021-04-24 03:20:30,40.5982,-124.1573,51.01,93,75,2.55,broken clouds
353,Bodden Town,KY,2021-04-24 03:20:31,19.2833,-81.25,79.0,89,20,3.44,few clouds
354,Katangli,RU,2021-04-24 03:20:31,51.7102,143.2326,32.72,75,43,8.43,scattered clouds
355,Karratha,AU,2021-04-24 03:18:09,-20.7377,116.8463,89.06,18,0,16.75,clear sky
356,Sungaipenuh,ID,2021-04-24 03:20:32,-2.0833,101.3833,74.41,68,100,2.68,overcast clouds
357,Rio Grande,BR,2021-04-24 03:20:32,-32.035,-52.0986,63.0,95,3,12.62,clear sky
358,Sao Jose Da Coroa Grande,BR,2021-04-24 03:18:01,-8.8978,-35.1478,78.21,80,16,7.56,few clouds
359,Zhongshu,CN,2021-04-24 03:20:33,24.5167,103.7667,79.09,33,1,12.01,clear sky
360,Deer Lake,CA,2021-04-24 03:20:33,49.1667,-57.4316,33.8,93,75,3.44,light snow
361,Bud,US,2021-04-24 03:20:34,39.447,-86.1758,53.6,54,90,8.05,overcast clouds
362,Seda,LV,2021-04-24 03:20:34,57.65,25.75,34.0,90,96,3.0,overcast clouds
363,Havre-Saint-Pierre,CA,2021-04-24 03:16:31,50.2334,-63.5986,28.4,100,1,3.44,clear sky
364,Camacha,PT,2021-04-24 03:19:31,33.0833,-16.3333,62.6,72,20,13.8,few clouds
365,Imeni Poliny Osipenko,RU,2021-04-24 03:20:35,52.4201,136.4853,44.94,32,51,8.01,broken clouds
366,Ayan,RU,2021-04-24 03:20:35,56.45,138.1667,35.08,64,99,5.3,overcast clouds
367,Namibe,AO,2021-04-24 03:20:36,-15.1961,12.1522,76.91,82,29,5.59,scattered clouds
368,San Rafael,AR,2021-04-24 03:20:36,-34.6177,-68.3301,59.7,65,0,2.89,clear sky
369,Hamilton,US,2021-04-24 03:16:38,39.1834,-84.5333,52.0,62,1,4.61,clear sky
370,Marysville,US,2021-04-24 03:15:42,48.0518,-122.1771,53.01,81,1,5.75,clear sky
371,Sal Rei,CV,2021-04-24 03:20:37,16.1833,-22.9167,68.0,73,75,10.36,broken clouds
372,Naze,JP,2021-04-24 03:19:41,28.3667,129.4833,69.8,68,75,27.63,broken clouds
373,Karachi,PK,2021-04-24 03:18:35,24.9056,67.0822,86.0,26,90,6.91,dust
374,Camp Verde,US,2021-04-24 03:20:31,34.5636,-111.8543,62.6,22,1,12.66,clear sky
375,Komsomolskiy,UZ,2021-04-24 03:20:01,40.4272,71.7189,62.6,31,100,2.3,overcast clouds
376,Youghal,IE,2021-04-24 03:20:38,51.95,-7.8506,45.0,73,100,8.99,overcast clouds
377,Alice Springs,AU,2021-04-24 03:20:38,-23.7,133.8833,73.99,28,0,11.5,clear sky
378,Poum,NC,2021-04-24 03:19:27,-20.2333,164.0167,79.72,77,99,6.91,overcast clouds
379,Zhigansk,RU,2021-04-24 03:20:39,66.7697,123.3711,23.95,74,100,9.15,overcast clouds
380,Kavaratti,IN,2021-04-24 03:17:07,10.5669,72.642,84.51,67,39,5.19,scattered clouds
381,Oktyabrskiy,RU,2021-04-24 03:19:47,54.4815,53.471,44.56,90,100,10.96,light rain
382,Weihai,CN,2021-04-24 03:20:40,37.5017,122.1136,50.22,91,100,14.9,overcast clouds
383,Myitkyina,MM,2021-04-24 03:16:54,25.3833,97.4,96.55,25,6,1.01,clear sky
384,Balykshi,KZ,2021-04-24 03:20:41,47.0667,51.8667,44.6,100,0,6.71,mist
385,Chimoio,MZ,2021-04-24 03:20:41,-19.1164,33.4833,58.1,96,3,2.24,clear sky
386,Nisia Floresta,BR,2021-04-24 03:20:41,-6.0911,-35.2086,82.4,74,40,10.36,scattered clouds
387,Balabac,PH,2021-04-24 03:20:42,7.9868,117.0645,85.71,68,98,12.12,overcast clouds
388,Beisfjord,NO,2021-04-24 03:20:42,68.3751,17.5988,32.0,80,75,12.66,light rain
389,Fare,PF,2021-04-24 03:20:43,-16.7,-151.0167,80.31,72,100,9.31,light rain
390,Zhuanghe,CN,2021-04-24 03:20:43,39.7008,122.9911,64.69,49,74,6.89,broken clouds
391,Villa Carlos Paz,AR,2021-04-24 03:20:43,-31.4241,-64.4978,64.4,77,90,11.5,overcast clouds
392,Basay,PH,2021-04-24 03:20:44,9.4087,122.64,83.21,74,100,10.94,overcast clouds
393,Lucapa,AO,2021-04-24 03:20:44,-8.4192,20.7447,65.75,97,100,1.99,light rain
394,Burkburnett,US,2021-04-24 03:20:45,34.0979,-98.5706,60.01,82,90,13.8,overcast clouds
395,Opuwo,NA,2021-04-24 03:20:45,-18.0607,13.84,68.68,39,17,8.39,few clouds
396,Portland,US,2021-04-24 03:16:29,45.5234,-122.6762,57.99,58,90,2.71,overcast clouds
397,Pitimbu,BR,2021-04-24 03:20:20,-7.4706,-34.8086,77.0,88,0,3.44,clear sky
398,Simao,CN,2021-04-24 03:20:46,22.7886,100.9748,86.32,20,28,7.05,scattered clouds
399,Itoman,JP,2021-04-24 03:20:46,26.1247,127.6694,73.4,68,75,14.97,broken clouds
400,Tromso,NO,2021-04-24 03:20:47,69.6496,18.957,30.2,93,75,8.05,light snow
401,Sroda Wielkopolska,PL,2021-04-24 03:20:47,52.2284,17.2762,39.99,70,0,3.44,light rain
402,Caravelas,BR,2021-04-24 03:20:47,-17.7125,-39.2481,73.24,87,6,4.7,clear sky
403,Rabo De Peixe,PT,2021-04-24 03:20:48,37.8,-25.5833,57.2,67,40,16.11,scattered clouds
404,Sayyan,YE,2021-04-24 03:20:20,15.1718,44.3244,56.34,44,0,1.54,clear sky
405,Key Largo,US,2021-04-24 03:15:50,25.0865,-80.4473,78.01,68,83,10.0,broken clouds
406,Kavieng,PG,2021-04-24 03:20:49,-2.5744,150.7967,81.01,75,96,3.4,moderate rain
407,Carutapera,BR,2021-04-24 03:20:49,-1.195,-46.02,75.72,94,100,4.76,overcast clouds
408,Talnakh,RU,2021-04-24 03:20:49,69.4865,88.3972,32.41,98,100,9.66,snow
409,Souillac,MU,2021-04-24 03:20:50,-20.5167,57.5167,75.2,94,75,11.5,light rain
410,La Libertad,EC,2021-04-24 03:20:50,-2.2333,-80.9,73.38,84,65,4.09,broken clouds
411,Zhanaozen,KZ,2021-04-24 03:20:51,43.3,52.8,52.88,69,7,4.9,clear sky
412,Batagay-Alyta,RU,2021-04-24 03:20:51,67.8006,130.4114,20.41,70,37,5.5,scattered clouds
413,Lang Son,VN,2021-04-24 03:20:51,21.8333,106.7333,81.3,76,90,8.08,overcast clouds
414,Aswan,EG,2021-04-24 03:17:24,24.0934,32.907,77.97,12,0,11.05,clear sky
415,Constantine,DZ,2021-04-24 03:18:18,36.365,6.6147,46.4,93,40,2.3,scattered clouds
416,Labuhan,ID,2021-04-24 03:20:52,-6.8844,112.2051,84.15,65,2,4.38,clear sky
417,Darhan,MN,2021-04-24 03:20:23,49.4867,105.9228,37.38,71,100,4.79,overcast clouds
418,Los Llanos De Aridane,ES,2021-04-24 03:20:53,28.6585,-17.9182,66.2,63,20,6.91,few clouds
419,Nalut,LY,2021-04-24 03:20:53,30.3333,10.85,57.61,66,29,14.2,scattered clouds
420,Coquimbo,CL,2021-04-24 03:20:54,-29.9533,-71.3436,55.4,76,0,8.05,clear sky
421,Ilovlya,RU,2021-04-24 03:20:54,49.3033,43.9796,48.2,87,0,6.71,light rain
422,Prainha,BR,2021-04-24 03:20:54,-1.8,-53.48,74.32,91,98,1.99,overcast clouds
423,Soria,ES,2021-04-24 03:20:55,41.6667,-2.6667,45.0,87,98,1.01,overcast clouds
424,Otradnoye,RU,2021-04-24 03:20:55,59.7775,30.8181,35.01,93,75,4.34,broken clouds
425,Veraval,IN,2021-04-24 03:20:56,20.9,70.3667,83.01,68,100,10.33,overcast clouds
426,Kabin Buri,TH,2021-04-24 03:20:56,13.9511,101.7177,89.58,58,96,4.21,overcast clouds
427,Westport,US,2021-04-24 03:20:56,41.1415,-73.3579,53.6,47,1,10.36,clear sky
428,Diffa,NE,2021-04-24 03:20:57,13.3154,12.6113,84.61,15,25,6.98,scattered clouds
429,Martigny,CH,2021-04-24 03:20:57,46.0833,7.0833,46.4,66,0,3.44,clear sky
430,Kaeo,NZ,2021-04-24 03:20:58,-35.1,173.7833,71.01,58,29,5.01,scattered clouds
431,Tigil,RU,2021-04-24 03:20:58,57.8,158.6667,32.58,92,100,7.09,overcast clouds
432,Eureka,US,2021-04-24 03:20:59,40.8021,-124.1637,50.0,79,100,1.01,overcast clouds
433,San Sebastian,ES,2021-04-24 03:20:15,43.3128,-1.975,68.0,30,0,5.75,clear sky
434,Belaya Gora,RU,2021-04-24 03:18:48,68.5333,146.4167,20.41,77,94,5.32,overcast clouds
435,Itaunja,IN,2021-04-24 03:19:15,27.0833,80.9167,82.4,54,53,3.44,haze
436,Araguacu,BR,2021-04-24 03:20:59,-12.9306,-49.8264,72.82,63,21,3.09,few clouds
437,Chalus,IR,2021-04-24 03:21:00,36.655,51.4204,59.0,88,75,1.16,broken clouds
438,Mamallapuram,IN,2021-04-24 03:21:00,12.6264,80.1722,86.0,70,75,5.75,broken clouds
439,Amahai,ID,2021-04-24 03:16:28,-3.3333,128.9167,85.51,66,30,4.92,scattered clouds
440,Karasburg,NA,2021-04-24 03:21:01,-28.0167,18.75,66.9,25,2,7.38,clear sky
441,Paramonga,PE,2021-04-24 03:21:01,-10.6667,-77.8333,66.74,90,28,7.45,scattered clouds
442,Whitehorse,CA,2021-04-24 03:21:02,60.7161,-135.0538,48.2,25,20,5.75,few clouds
443,Manavalakurichi,IN,2021-04-24 03:21:02,8.1333,77.3,86.0,79,20,6.91,haze
444,Ostrovnoy,RU,2021-04-24 03:21:02,68.0531,39.5131,32.16,93,100,25.66,overcast clouds
445,Bouca,CF,2021-04-24 03:21:03,6.5105,18.2733,70.45,95,100,4.18,overcast clouds
446,Hong Gai,VN,2021-04-24 03:21:03,20.956,107.0946,82.4,89,90,8.05,overcast clouds
447,Yima,CN,2021-04-24 03:21:04,34.7381,111.8839,50.18,90,100,9.98,light rain
448,Den Helder,NL,2021-04-24 03:17:15,52.9599,4.7593,43.0,81,90,6.91,overcast clouds
449,Lahuachaca,BO,2021-04-24 03:21:04,-17.3667,-67.6667,44.31,76,84,5.55,broken clouds
450,Horsham,GB,2021-04-24 03:21:05,51.064,-0.3272,41.0,87,0,2.3,clear sky
451,Piacabucu,BR,2021-04-24 03:21:05,-10.4056,-36.4344,77.49,85,26,6.46,scattered clouds
452,Manicore,BR,2021-04-24 03:21:05,-5.8092,-61.3003,73.98,95,62,0.69,moderate rain
453,Vila Velha,BR,2021-04-24 03:21:06,-20.3297,-40.2925,73.4,83,40,2.3,scattered clouds
454,Punta Cardon,VE,2021-04-24 03:21:06,11.6581,-70.215,78.48,82,36,26.33,scattered clouds
455,Ginir,ET,2021-04-24 03:21:07,7.1333,40.7,56.34,87,56,3.06,broken clouds
456,Zomin,UZ,2021-04-24 03:21:07,39.9606,68.3958,61.99,32,93,1.88,overcast clouds
457,El Dorado,US,2021-04-24 03:21:08,38.7666,-120.5177,60.01,55,1,3.44,clear sky
458,Muravlenko,RU,2021-04-24 03:21:08,63.7898,74.523,34.27,100,100,10.45,overcast clouds
459,Caribou,US,2021-04-24 03:21:08,46.8606,-68.012,41.0,52,1,4.61,clear sky
460,Zhangye,CN,2021-04-24 03:21:09,38.9342,100.4517,47.44,57,77,1.07,broken clouds
461,San Carlos De Bariloche,AR,2021-04-24 03:18:39,-41.1456,-71.3082,44.6,65,0,5.75,moderate rain
462,Talakan,RU,2021-04-24 03:21:09,50.3167,130.3667,47.35,24,34,16.55,scattered clouds
463,Susangerd,IR,2021-04-24 03:21:10,31.5608,48.1831,71.6,49,100,2.3,overcast clouds
464,Khairagarh,IN,2021-04-24 03:21:10,26.95,77.8167,82.9,32,0,11.92,clear sky
465,Taldan,RU,2021-04-24 03:21:11,53.6667,124.8,43.34,33,69,13.02,broken clouds
466,Yining,CN,2021-04-24 03:21:11,29.0361,114.5636,62.11,98,100,4.07,heavy intensity rain
467,Georgetown,MY,2021-04-24 03:21:11,5.4112,100.3354,82.4,83,40,2.3,scattered clouds
468,Camacari,BR,2021-04-24 03:21:12,-12.6975,-38.3242,80.6,78,40,8.05,scattered clouds
469,Rudnichnyy,RU,2021-04-24 03:21:12,59.617,52.4703,41.47,88,95,6.44,overcast clouds
470,Slobozia,MD,2021-04-24 03:21:13,46.7281,29.7078,35.6,87,0,6.91,clear sky
471,Thunder Bay,CA,2021-04-24 03:21:13,48.4001,-89.3168,46.4,76,90,8.05,overcast clouds
472,Le Port,RE,2021-04-24 03:21:13,-20.9373,55.2919,75.2,73,0,9.22,clear sky
473,Lorengau,PG,2021-04-24 03:21:14,-2.0226,147.2712,81.61,79,93,7.74,light rain
474,Bac Lieu,VN,2021-04-24 03:21:14,9.285,105.7244,87.49,58,77,8.3,broken clouds
475,Pemba,MZ,2021-04-24 03:21:15,-12.974,40.5178,75.2,94,40,12.66,light rain
476,Aketi,CD,2021-04-24 03:21:15,2.7388,23.7833,69.75,99,100,1.48,overcast clouds
477,Port-Gentil,GA,2021-04-24 03:19:38,-0.7193,8.7815,80.92,77,100,5.5,overcast clouds
478,Eyl,SO,2021-04-24 03:21:16,7.9803,49.8164,82.54,74,83,6.64,broken clouds
479,Muroto,JP,2021-04-24 03:21:16,33.2833,134.15,68.0,64,75,12.66,broken clouds
480,Srostki,RU,2021-04-24 03:21:16,52.4189,85.7022,34.88,84,92,7.23,overcast clouds
481,Tiznit,MA,2021-04-24 03:20:30,29.5833,-9.5,58.96,84,100,6.6,overcast clouds
482,Qena,EG,2021-04-24 03:21:17,26.1615,32.7183,73.4,31,0,2.3,clear sky
483,Watsa,CD,2021-04-24 03:21:17,3.0372,29.5355,62.44,98,99,2.89,light rain
484,Severo-Kurilsk,RU,2021-04-24 03:21:18,50.6789,156.125,37.69,88,97,7.45,overcast clouds
485,Muisne,EC,2021-04-24 03:21:18,0.6,-80.0333,76.98,85,98,3.31,overcast clouds
486,Gao,ML,2021-04-24 03:21:19,16.6362,1.637,82.15,7,1,8.59,clear sky
487,Aranos,NA,2021-04-24 03:21:19,-24.1333,19.1167,61.81,31,0,8.32,clear sky
488,Garlasco,IT,2021-04-24 03:21:20,45.1974,8.9238,52.0,75,1,2.86,clear sky
489,Oussouye,SN,2021-04-24 03:21:20,12.485,-16.5469,71.6,88,0,4.61,clear sky
490,Bahia Honda,CU,2021-04-24 03:21:21,22.9036,-83.1592,76.53,79,15,8.12,few clouds
491,Bejar,ES,2021-04-24 03:21:21,40.3864,-5.7634,54.0,78,83,5.01,broken clouds
492,Hanna,CA,2021-04-24 03:21:21,51.6334,-111.9018,33.8,40,93,4.61,overcast clouds
493,Aqtobe,KZ,2021-04-24 03:21:22,50.2797,57.2072,46.4,81,75,15.66,broken clouds
494,Broken Hill,AU,2021-04-24 03:21:22,-31.95,141.4333,66.2,42,56,8.05,broken clouds
495,Asau,RO,2021-04-24 03:21:23,46.4333,26.4,36.0,63,48,4.36,scattered clouds
496,Arlit,NE,2021-04-24 03:21:23,18.7369,7.3853,81.64,8,98,5.26,overcast clouds
497,Yudong,CN,2021-04-24 03:21:24,29.385,106.5194,68.0,94,40,8.95,scattered clouds
498,Berezanskaya,RU,2021-04-24 03:21:24,45.7056,39.5932,48.9,80,98,7.49,overcast clouds
499,Berlevag,NO,2021-04-24 03:17:31,70.8578,29.0864,33.13,74,100,15.88,overcast clouds
500,Awallan,PH,2021-04-24 03:21:25,17.9244,121.913,87.42,51,3,7.4,clear sky
501,Bogatynia,PL,2021-04-24 03:21:25,50.9075,14.9563,35.01,86,87,1.99,overcast clouds
502,Ahipara,NZ,2021-04-24 03:21:25,-35.1667,173.1667,65.89,65,45,9.4,scattered clouds
503,Palmerston,AU,2021-04-24 03:21:26,-12.486,130.9833,91.0,20,0,14.97,clear sky
504,Auki,SB,2021-04-24 03:21:26,-8.7676,160.7034,83.88,72,56,4.09,broken clouds
505,Lichinga,MZ,2021-04-24 03:21:27,-13.3128,35.2406,59.0,100,75,9.22,broken clouds
506,Port Blair,IN,2021-04-24 03:21:27,11.6667,92.75,87.8,74,40,5.75,mist
507,Monte Alegre,BR,2021-04-24 03:21:27,-2.0078,-54.0692,74.95,88,97,2.13,overcast clouds
508,Hendek,TR,2021-04-24 03:21:28,40.7994,30.7481,51.8,100,75,2.53,broken clouds
509,Chamba,IN,2021-04-24 03:21:28,32.5667,76.1333,66.79,36,0,4.9,clear sky
510,Smithers,CA,2021-04-24 03:21:29,54.7804,-127.1743,53.6,24,40,6.91,scattered clouds
511,Pangai,TO,2021-04-24 03:21:29,-19.8,-174.35,84.2,70,20,9.22,few clouds
512,College,US,2021-04-24 03:19:01,64.8569,-147.8028,60.8,24,20,8.05,few clouds
513,Chiang Khong,TH,2021-04-24 03:21:30,20.2613,100.4046,91.99,66,20,3.44,few clouds
514,Hayden,US,2021-04-24 03:16:45,47.766,-116.7866,55.4,38,1,4.61,clear sky
515,Vila Franca Do Campo,PT,2021-04-24 03:21:30,37.7167,-25.4333,57.2,67,40,16.11,scattered clouds
516,Beringovskiy,RU,2021-04-24 03:19:13,63.05,179.3167,29.84,91,99,5.82,overcast clouds
517,Tautira,PF,2021-04-24 03:21:31,-17.7333,-149.15,82.4,69,40,4.61,scattered clouds
518,Semenivka,UA,2021-04-24 03:21:31,52.1783,32.5818,33.6,89,11,11.16,few clouds
519,Tutoia,BR,2021-04-24 03:21:32,-2.7619,-42.2744,76.73,89,100,7.52,light rain
520,Gwadar,PK,2021-04-24 03:21:32,25.1216,62.3254,81.77,76,5,3.24,clear sky
521,Uvira,CD,2021-04-24 03:17:04,-3.4067,29.1458,70.93,86,100,3.96,overcast clouds
522,Verkhoyansk,RU,2021-04-24 03:21:33,67.5447,133.385,22.15,74,31,4.52,scattered clouds
523,Dosso,NE,2021-04-24 03:21:34,13.049,3.1937,82.67,36,11,4.88,few clouds
524,Qaqortoq,GL,2021-04-24 03:19:59,60.7167,-46.0333,35.6,69,75,3.44,broken clouds
525,Deep River,CA,2021-04-24 03:21:34,46.1001,-77.4995,51.8,37,1,4.61,clear sky
526,Praia,CV,2021-04-24 03:20:18,14.9215,-23.5087,68.0,77,40,13.8,scattered clouds
527,Alakurtti,RU,2021-04-24 03:21:35,66.9672,30.3491,30.0,92,100,8.01,snow
528,Sambava,MG,2021-04-24 03:21:35,-14.2667,50.1667,72.61,86,95,8.34,overcast clouds
529,Kosikha,RU,2021-04-24 03:21:35,53.3617,84.5822,39.2,38,0,11.18,clear sky
530,Kovernino,RU,2021-04-24 03:21:36,57.1253,43.8142,45.37,85,59,7.94,moderate rain
531,Nouadhibou,MR,2021-04-24 03:21:36,20.931,-17.0347,62.6,94,0,16.11,clear sky
532,Gasa,PS,2021-04-24 03:21:37,31.5,34.4667,66.0,100,14,6.38,few clouds
533,Viedma,AR,2021-04-24 03:21:37,-40.8135,-62.9967,58.95,55,4,11.88,clear sky
534,Longkou,CN,2021-04-24 03:21:37,37.6508,120.3286,50.81,92,100,17.58,overcast clouds
535,Broome,US,2021-04-24 03:19:56,42.2506,-75.833,48.2,40,1,12.66,clear sky
536,Mount Isa,AU,2021-04-24 03:21:38,-20.7333,139.5,84.2,24,17,12.66,few clouds
537,Tecamachalco,MX,2021-04-24 03:21:38,18.8833,-97.7333,70.21,28,100,5.44,overcast clouds
538,Zambezi,ZM,2021-04-24 03:21:39,-13.5432,23.1047,60.37,73,53,4.54,broken clouds
539,Strathmore,CA,2021-04-24 03:21:39,51.0501,-113.3852,36.0,51,99,2.3,overcast clouds
540,Akhisar,TR,2021-04-24 03:21:40,38.9185,27.8401,57.99,67,96,5.01,overcast clouds
541,Cazones,MX,2021-04-24 03:21:40,20.7167,-97.3167,76.08,92,95,13.67,overcast clouds
542,Yei,SS,2021-04-24 03:21:40,4.095,30.6779,64.87,92,92,3.58,overcast clouds
543,Samandag,TR,2021-04-24 03:21:41,36.0842,35.9771,50.0,81,0,2.3,clear sky
544,Fairbanks,US,2021-04-24 03:17:12,64.8378,-147.7164,60.8,24,1,6.91,clear sky
545,Leh,IN,2021-04-24 03:21:41,34.1667,77.5833,26.89,44,10,5.08,clear sky
546,Mweka,CD,2021-04-24 03:21:42,-4.85,21.5667,68.31,99,100,0.96,light rain
547,Flinders,AU,2021-04-24 03:21:42,-34.5833,150.8552,73.0,52,100,5.01,overcast clouds
548,Svetlaya,RU,2021-04-24 03:21:42,46.5389,138.3297,38.23,87,100,10.04,overcast clouds
549,Alcudia,ES,2021-04-24 03:21:43,39.8532,3.1214,50.0,90,88,2.98,overcast clouds
550,Sao Filipe,CV,2021-04-24 03:17:16,14.8961,-24.4956,70.54,76,16,8.16,few clouds
551,Japaratuba,BR,2021-04-24 03:21:43,-10.5933,-36.9403,80.6,78,40,5.75,scattered clouds
552,Vaasa,FI,2021-04-24 03:21:44,63.096,21.6158,32.0,100,90,19.57,light snow
553,Jalu,LY,2021-04-24 03:21:44,29.0331,21.5482,72.09,18,61,14.72,broken clouds
554,Tomari,RU,2021-04-24 03:21:45,47.7658,142.0683,35.55,96,100,7.81,moderate rain
555,Umm Lajj,SA,2021-04-24 03:19:50,25.0213,37.2685,77.23,73,2,3.51,clear sky
556,Grants,US,2021-04-24 03:21:45,35.1473,-107.8514,48.2,23,40,5.75,scattered clouds
557,Shadrinsk,RU,2021-04-24 03:21:46,56.0852,63.6335,45.59,50,100,8.37,overcast clouds
558,Yenagoa,NG,2021-04-24 03:19:27,4.9247,6.2642,77.16,93,100,3.49,moderate rain
559,Ilebo,CD,2021-04-24 03:19:07,-4.3167,20.5833,69.3,99,100,3.78,light rain
560,Yablonovo,RU,2021-04-24 03:21:46,50.8523,37.3574,37.4,93,75,11.18,light rain
561,Stornoway,GB,2021-04-24 03:21:47,58.2093,-6.3865,44.6,81,42,4.61,scattered clouds
562,Iqaluit,CA,2021-04-24 03:21:47,63.7506,-68.5145,28.4,100,90,2.3,light intensity drizzle
563,Kamaishi,JP,2021-04-24 03:21:48,39.2667,141.8833,66.2,32,0,9.22,clear sky
564,Hami,CN,2021-04-24 03:21:48,42.8,93.45,51.1,22,79,11.9,broken clouds
565,Secovce,SK,2021-04-24 03:21:48,48.7007,21.661,34.0,76,10,4.32,clear sky
566,Nayoro,JP,2021-04-24 03:21:49,44.3506,142.4578,60.08,55,84,14.09,broken clouds
567,Rawson,AR,2021-04-24 03:19:36,-43.3002,-65.1023,54.1,70,2,16.87,clear sky
568,Bintulu,MY,2021-04-24 03:21:49,3.1667,113.0333,89.6,66,40,3.44,scattered clouds
569,Manali,IN,2021-04-24 03:21:50,13.1667,80.2667,86.0,70,75,5.75,broken clouds
570,Nizwa,OM,2021-04-24 03:21:50,22.9333,57.5333,82.06,20,0,0.4,clear sky
571,Bandundu,CD,2021-04-24 03:21:50,-3.3167,17.3667,69.8,98,100,4.88,moderate rain
572,Chissamba,AO,2021-04-24 03:21:51,-12.1667,17.3333,62.42,72,87,1.66,overcast clouds
573,Maraa,BR,2021-04-24 03:21:51,-1.8333,-65.3667,73.74,97,94,2.1,overcast clouds
574,Miram Shah,PK,2021-04-24 03:21:52,33.0086,70.0697,68.0,38,0,1.72,clear sky
575,Abbeville,FR,2021-04-24 03:21:52,50.1,1.8333,42.8,81,0,11.5,clear sky
576,Saint Anthony,US,2021-04-24 03:21:52,45.0205,-93.218,46.4,81,90,5.75,overcast clouds
577,Port Moresby,PG,2021-04-24 03:21:53,-9.4431,147.1797,89.6,66,40,17.27,scattered clouds
578,Linxia,CN,2021-04-24 03:21:53,35.6003,103.2064,40.62,95,100,3.62,overcast clouds
579,Istanbul,TR,2021-04-24 03:21:54,41.0351,28.9833,55.4,94,0,1.14,clear sky
580,Chekhov,RU,2021-04-24 03:20:28,55.1431,37.4711,39.0,96,100,6.33,moderate rain
581,Vestmannaeyjar,IS,2021-04-24 03:21:54,63.4427,-20.2734,46.27,91,100,16.75,overcast clouds
582,Seminole,US,2021-04-24 03:17:55,28.7086,-81.2081,70.0,68,1,10.36,clear sky
583,Brunswick,US,2021-04-24 03:21:55,41.2381,-81.8418,46.99,49,1,8.05,clear sky
584,Plettenberg Bay,ZA,2021-04-24 03:21:55,-34.0527,23.3716,59.85,86,64,3.78,broken clouds
585,Puerto Rondon,CO,2021-04-24 03:21:56,6.2805,-71.1,79.2,63,69,5.59,broken clouds
586,Teknaf,BD,2021-04-24 03:21:56,20.8624,92.3058,87.4,49,65,5.23,broken clouds
587,Mackay,AU,2021-04-24 03:21:57,-21.15,149.2,73.4,83,90,13.8,overcast clouds
588,Kununurra,AU,2021-04-24 03:21:57,-15.7667,128.7333,87.8,23,41,12.66,scattered clouds
589,Moose Factory,CA,2021-04-24 03:21:57,51.2585,-80.6094,30.2,93,90,9.22,overcast clouds
590,Zaozerne,UA,2021-04-24 03:21:58,45.1582,33.2787,46.99,65,2,10.85,clear sky
591,Lewistown,US,2021-04-24 03:21:58,40.5992,-77.5714,50.0,40,1,10.36,clear sky
592,Nikko,JP,2021-04-24 03:21:58,36.75,139.6167,72.0,20,100,5.01,overcast clouds
593,Bati,ET,2021-04-24 03:21:59,11.1833,40.0167,64.8,63,85,8.59,overcast clouds
594,Betul,IN,2021-04-24 03:21:59,21.9153,77.8961,88.29,14,99,9.19,overcast clouds
595,Shahreza,IR,2021-04-24 03:22:00,32.0339,51.8794,65.68,34,100,2.21,overcast clouds
596,Hatillo,PR,2021-04-24 03:22:00,18.4863,-66.8254,73.99,92,19,1.01,few clouds
597,Castelo,BR,2021-04-24 03:22:01,-20.6036,-41.1847,65.03,97,4,0.58,clear sky
598,Spearfish,US,2021-04-24 03:22:01,44.4908,-103.8594,32.0,80,90,5.75,light snow
599,Wolfen,DE,2021-04-24 03:22:01,51.6667,12.2833,37.0,80,91,1.01,overcast clouds
600,Ipixuna,BR,2021-04-24 03:22:02,-1.7625,-48.8043,77.0,94,75,4.61,light rain
601,Manzhouli,CN,2021-04-24 03:19:37,49.6,117.4333,48.81,11,66,6.85,broken clouds
602,Bam,IR,2021-04-24 03:19:12,29.106,58.357,82.29,12,0,6.58,clear sky
603,Ukiah,US,2021-04-24 03:17:03,39.1502,-123.2078,60.8,36,1,9.22,clear sky
604,Aloleng,PH,2021-04-24 03:22:03,16.1307,119.7824,83.57,64,6,13.2,clear sky
605,Gluckstadt,DE,2021-04-24 03:22:03,53.7833,9.4167,39.99,90,98,6.29,overcast clouds
606,Pocone,BR,2021-04-24 03:22:04,-16.2567,-56.6228,75.06,59,3,4.29,clear sky
607,Dera Ghazi Khan,PK,2021-04-24 03:22:04,30.0561,70.6348,79.57,22,0,3.89,clear sky
608,Natal,BR,2021-04-24 03:19:33,-5.795,-35.2094,82.4,74,40,10.36,scattered clouds
609,Aizpute,LV,2021-04-24 03:22:05,56.7167,21.6,39.2,75,20,6.91,few clouds
610,Chernyshevskiy,RU,2021-04-24 03:22:05,63.0128,112.4714,33.1,85,100,8.5,overcast clouds
611,Bhalki,IN,2021-04-24 03:22:05,18.0333,77.2167,86.86,39,26,5.17,scattered clouds
612,Terrace,CA,2021-04-24 03:22:06,54.5163,-128.6035,57.2,28,40,6.91,scattered clouds
613,Pangody,RU,2021-04-24 03:22:06,65.85,74.4859,33.94,100,100,9.33,overcast clouds
614,Tucuman,AR,2021-04-24 03:18:42,-26.8241,-65.2226,66.2,100,90,5.75,light rain
615,Bhopalwala,PK,2021-04-24 03:22:07,32.4289,74.3633,66.2,68,0,4.41,clear sky
616,Sivas,TR,2021-04-24 03:19:35,39.7916,37.0019,37.4,52,0,3.44,clear sky
617,Ardahan,TR,2021-04-24 03:22:08,41.1087,42.7022,40.46,56,52,0.6,broken clouds
618,Honningsvag,NO,2021-04-24 03:22:08,70.9821,25.9704,32.54,64,97,18.84,overcast clouds
619,Sabha,LY,2021-04-24 03:20:39,27.0377,14.4283,70.12,39,47,14.97,scattered clouds
620,Mugur-Aksy,RU,2021-04-24 03:22:09,50.35,90.5,20.37,43,68,10.6,broken clouds
621,Coolum Beach,AU,2021-04-24 03:22:09,-26.5333,153.1,75.0,68,32,1.01,scattered clouds
622,Touros,BR,2021-04-24 03:22:09,-5.1989,-35.4608,77.0,94,40,4.61,scattered clouds
623,Guarda,PT,2021-04-24 03:22:10,40.5373,-7.2658,55.99,91,100,1.99,overcast clouds
624,Owasso,US,2021-04-24 03:22:10,36.2695,-95.8547,59.0,88,90,12.33,moderate rain
625,Kosh-Agach,RU,2021-04-24 03:22:11,50.0,88.6667,21.36,47,100,6.46,overcast clouds
626,Maceio,BR,2021-04-24 03:22:11,-9.6658,-35.7353,73.4,94,20,3.44,few clouds
627,Wyszkow,PL,2021-04-24 03:22:11,52.5928,21.4584,35.01,94,55,1.01,broken clouds
628,Saint-Denis,FR,2021-04-24 03:22:12,48.9167,2.3333,48.99,65,0,3.44,clear sky
629,Banda Aceh,ID,2021-04-24 03:22:12,5.5577,95.3222,85.64,63,100,11.3,overcast clouds
630,Tukrah,LY,2021-04-24 03:22:12,32.5341,20.5791,74.19,24,76,27.34,broken clouds
631,Epe,NG,2021-04-24 03:22:13,6.5841,3.9834,78.85,91,97,5.55,overcast clouds
632,Horki,BY,2021-04-24 03:22:13,54.2861,30.9842,31.71,92,97,8.59,snow
633,Galle,LK,2021-04-24 03:22:14,6.0367,80.217,82.69,76,81,6.13,broken clouds
634,Marawi,PH,2021-04-24 03:22:14,7.9986,124.2928,84.0,74,100,8.99,overcast clouds
635,Akyab,MM,2021-04-24 03:22:14,20.15,92.9,86.77,59,22,4.56,few clouds
636,Canico,PT,2021-04-24 03:22:15,32.6333,-16.85,60.8,63,40,6.91,scattered clouds
637,Constitucion,CL,2021-04-24 03:20:56,-35.3333,-72.4167,54.99,75,0,8.19,clear sky
638,Praia Da Vitoria,PT,2021-04-24 03:22:15,38.7333,-27.0667,57.2,72,40,32.57,scattered clouds
639,Nuevitas,CU,2021-04-24 03:22:16,21.5453,-77.2644,75.2,83,11,5.75,light rain
640,Maba,CN,2021-04-24 03:22:16,24.6841,113.5984,85.1,60,37,7.74,scattered clouds
641,Lebedyn,UA,2021-04-24 03:22:17,50.5852,34.4849,37.26,88,33,9.57,scattered clouds
642,Entre Rios,BR,2021-04-24 03:22:17,-11.9419,-38.0844,72.1,98,91,2.98,overcast clouds
643,Deputatskiy,RU,2021-04-24 03:19:21,69.3,139.9,13.77,77,8,3.29,clear sky
644,Zhezkazgan,KZ,2021-04-24 03:22:18,47.8043,67.7144,41.0,33,0,22.37,clear sky
645,Sol-Iletsk,RU,2021-04-24 03:22:18,51.1631,54.9918,45.34,90,100,10.27,light rain
646,Moskovskoye,RU,2021-04-24 03:22:18,45.2842,41.9103,51.8,71,0,6.71,light rain
647,Kutum,SD,2021-04-24 03:22:19,14.2,24.6667,76.21,17,45,9.69,scattered clouds
648,Bovenden,DE,2021-04-24 03:22:19,51.5833,9.9333,35.01,84,91,1.01,overcast clouds
649,Ketchikan,US,2021-04-24 03:22:20,55.3422,-131.6461,51.8,43,1,5.75,clear sky
650,Midwest City,US,2021-04-24 03:22:20,35.4495,-97.3967,59.0,100,90,8.05,overcast clouds
651,Miri,MY,2021-04-24 03:22:20,4.4148,114.0089,89.6,58,40,5.75,scattered clouds
652,Samana,DO,2021-04-24 03:22:21,19.2056,-69.3369,75.67,86,9,8.25,clear sky
653,Namtsy,RU,2021-04-24 03:22:21,62.7161,129.6658,32.0,55,40,11.18,scattered clouds
654,Oistins,BB,2021-04-24 03:22:22,13.0667,-59.5333,78.8,65,40,14.97,scattered clouds
655,Pochutla,MX,2021-04-24 03:22:22,15.7432,-96.4661,81.0,79,100,1.01,overcast clouds
656,Chicama,PE,2021-04-24 03:22:22,-7.8447,-79.1469,68.41,82,11,5.03,few clouds
657,Biharamulo,TZ,2021-04-24 03:22:23,-2.6319,31.3089,59.23,95,53,2.98,broken clouds
658,Mount Gambier,AU,2021-04-24 03:22:23,-37.8333,140.7667,60.8,82,90,13.8,overcast clouds
659,Bilsanda,IN,2021-04-24 03:22:23,28.25,79.95,84.56,28,0,9.13,clear sky
660,Tazovskiy,RU,2021-04-24 03:22:24,67.4667,78.7,33.75,99,100,10.92,overcast clouds
661,Agadir,MA,2021-04-24 03:22:24,30.4202,-9.5982,66.2,82,75,3.29,broken clouds
662,Gladstone,AU,2021-04-24 03:22:25,-23.85,151.25,77.0,38,40,9.22,light rain
663,Ilulissat,GL,2021-04-24 03:22:25,69.2167,-51.1,30.2,64,100,2.3,overcast clouds
664,Kupang,ID,2021-04-24 03:22:25,-10.1667,123.5833,85.98,60,2,5.21,clear sky
665,Zlobin,HR,2021-04-24 03:22:26,45.2924,14.6541,53.6,40,0,8.05,clear sky
666,Paka,MY,2021-04-24 03:22:26,4.6374,103.4368,86.0,70,20,4.61,few clouds
667,Akureyri,IS,2021-04-24 03:20:16,65.6835,-18.0878,35.6,93,0,3.44,clear sky
668,Ust-Maya,RU,2021-04-24 03:22:27,60.4167,134.5333,30.06,75,100,7.29,overcast clouds
669,Sao Felix Do Xingu,BR,2021-04-24 03:17:51,-6.6447,-51.995,71.53,98,35,1.03,scattered clouds
670,Rio Cuarto,AR,2021-04-24 03:22:27,-33.1307,-64.3499,57.99,95,100,5.01,overcast clouds
671,Caluquembe,AO,2021-04-24 03:22:28,-13.7833,14.6833,58.21,69,100,2.82,overcast clouds
672,Moerai,PF,2021-04-24 03:22:28,-22.4333,-151.3333,76.8,72,100,17.0,light rain
673,Tura,IN,2021-04-24 03:22:29,25.5198,90.2201,89.11,21,12,6.76,few clouds
674,Sur,OM,2021-04-24 03:22:29,22.5667,59.5289,87.13,31,0,5.37,clear sky
675,Marfino,RU,2021-04-24 03:22:30,55.7028,37.3822,41.0,87,90,6.71,moderate rain
676,San Andres,CO,2021-04-24 03:22:30,12.5847,-81.7006,80.6,74,20,8.05,few clouds
677,Kyren,RU,2021-04-24 03:22:30,51.6828,102.1408,32.97,87,100,1.21,light snow
678,Sihora,IN,2021-04-24 03:22:31,23.4833,80.1167,82.4,28,20,6.91,haze
679,Harper,LR,2021-04-24 03:18:32,4.375,-7.7169,80.6,83,88,7.92,overcast clouds
680,Polunochnoye,RU,2021-04-24 03:22:31,60.8697,60.4153,41.04,83,100,3.0,overcast clouds
681,Chandbali,IN,2021-04-24 03:22:32,20.7833,86.7667,93.47,40,28,8.43,scattered clouds
682,Siuna,NI,2021-04-24 03:22:32,13.7332,-84.7773,72.64,81,30,1.54,scattered clouds
683,Sretensk,RU,2021-04-24 03:22:33,52.2453,117.7093,49.24,20,100,7.27,overcast clouds
684,Atyrau,KZ,2021-04-24 03:19:32,47.1167,51.8833,44.6,100,0,6.71,mist
685,Dossor,KZ,2021-04-24 03:22:33,47.5272,52.9811,49.26,75,0,11.77,clear sky
686,Ternate,ID,2021-04-24 03:22:34,0.8,127.4,84.15,72,20,8.03,few clouds
687,Horqueta,PY,2021-04-24 03:22:34,-23.3428,-57.0597,74.59,44,99,5.19,overcast clouds
688,Victoria Falls,ZW,2021-04-24 03:22:35,-17.9235,25.843,59.97,73,5,3.42,clear sky
689,Sar-E Pul,AF,2021-04-24 03:22:35,35.8333,66.1667,58.73,17,22,1.19,few clouds
690,Walvis Bay,NA,2021-04-24 03:22:35,-22.9575,14.5053,57.2,88,5,4.61,clear sky
691,Aripuana,BR,2021-04-24 03:22:36,-9.1667,-60.6333,72.5,97,43,0.98,scattered clouds
692,Kollam,IN,2021-04-24 03:22:36,8.8833,76.6,86.0,79,20,6.91,haze
693,Marrakesh,MA,2021-04-24 03:17:59,31.6315,-8.0083,59.0,82,100,4.61,overcast clouds
694,Nemuro,JP,2021-04-24 03:22:37,43.3236,145.575,66.2,34,0,10.36,clear sky
695,Vereya,RU,2021-04-24 03:22:37,55.3447,36.1719,37.8,91,100,3.2,moderate rain
696,Gold Coast,AU,2021-04-24 03:22:38,-28.0,153.4333,78.01,43,40,10.36,scattered clouds
697,Itarema,BR,2021-04-24 03:22:38,-2.9248,-39.9167,77.22,87,54,8.5,broken clouds
698,Podporozhye,RU,2021-04-24 03:22:39,60.9112,34.1706,33.82,86,97,3.04,overcast clouds
699,Takaka,NZ,2021-04-24 03:22:39,-40.85,172.8,64.99,73,6,5.01,clear sky
700,Kerman,IR,2021-04-24 03:22:39,30.2832,57.0788,60.8,25,0,1.23,clear sky
